TicketNumber,Longitude,Latitude,Zipcode,Classification,DateReported,CensusTract,CensusBlock,CountyName,Date,Time,Hour
ML19001225,40.75402,-73.97419,10017,M,01/21/2019 09:15 PM,92,1003,New York County,01/21/2019,09:15 PM,09 PM
ML19003831,40.77168,-73.97763,10023,M,03/07/2019 08:40 AM,143,1040,New York County,03/07/2019,08:40 AM,08 AM
ML19004663,40.75472,-73.97591,10017,M,03/21/2019 07:38 PM,92,1005,New York County,03/21/2019,07:38 PM,07 PM
ML19005447,40.80325,-73.96749,10025,M,04/04/2019 02:50 PM,195,1005,New York County,04/04/2019,02:50 PM,02 PM
ML19006608,40.78175,-73.96026,10028,P,04/27/2019 10:15 AM,143,1024,New York County,04/27/2019,10:15 AM,10 AM
ML19007355,40.71182,-74.00827,10007,M,05/11/2019 12:06 AM,21,1011,New York County,05/11/2019,12:06 AM,12 AM
ML19008617,40.75372,-73.97743,10017,M,06/04/2019 08:19 AM,94,1008,New York County,06/04/2019,08:19 AM,08 AM
ML19008706,40.79219,-73.94255,10029,M,06/05/2019 12:55 PM,170,1000,New York County,06/05/2019,12:55 PM,12 PM
ML19009693,40.70516,-74.00999,10005,P,06/22/2019 08:01 PM,9,1000,New York County,06/22/2019,08:01 PM,08 PM
ML19010411,40.73267,-73.9816,10003,M,07/09/2019 03:04 PM,48,5000,New York County,07/09/2019,03:04 PM,03 PM
ML19010899,40.74312,-74.00274,10011,M,07/19/2019 10:51 AM,89,2001,New York County,07/19/2019,10:51 AM,10 AM
ML19011112,40.83157,-73.94299,10032,M,07/24/2019 09:44 AM,237,3000,New York County,07/24/2019,09:44 AM,09 AM
ML19011870,40.77721,-73.95226,10028,P,08/08/2019 11:30 AM,146.01,1000,New York County,08/08/2019,11:30 AM,11 AM
ML19012341,40.78889,-73.97042,10024,M,08/16/2019 05:27 PM,173,3000,New York County,08/16/2019,05:27 PM,05 PM
ML19012851,40.75385,-73.9738,10017,M,08/26/2019 10:30 AM,92,1012,New York County,08/26/2019,10:30 AM,10 AM
ML19013467,40.70516,-74.00999,10005,P,09/05/2019 07:40 PM,9,1000,New York County,09/05/2019,07:40 PM,07 PM
ML19013839,40.76297,-73.97188,10022,P,09/09/2019 08:50 PM,112.02,1001,New York County,09/09/2019,08:50 PM,08 PM
ML19013954,40.75658,-73.98614,10036,P,09/11/2019 06:13 PM,119,1004,New York County,09/11/2019,06:13 PM,06 PM
ML19014071,40.74166,-74.00113,10011,M,09/13/2019 05:52 PM,81,2001,New York County,09/13/2019,05:52 PM,05 PM
ML19014455,40.7238,-73.98564,10009,M,09/19/2019 03:12 PM,32,4000,New York County,09/19/2019,03:12 PM,03 PM
ML19015054,40.76061,-73.96434,10022,P,09/30/2019 06:05 PM,110,3002,New York County,09/30/2019,06:05 PM,06 PM
ML19015932,40.76709,-73.96662,10065,P,10/14/2019 07:09 PM,120,3000,New York County,10/14/2019,07:09 PM,07 PM
ML19016313,40.76059,-73.96938,10022,P,10/20/2019 03:37 PM,112.03,2002,New York County,10/20/2019,03:37 PM,03 PM
ML19016353,40.77316,-73.9819,10023,P,10/21/2019 11:06 AM,149,2000,New York County,10/21/2019,11:06 AM,11 AM
ML19016580,40.76931,-73.96363,10021,P,10/24/2019 10:59 AM,120,4001,New York County,10/24/2019,10:59 AM,10 AM
ML19016698,40.7623,-73.97236,10022,P,10/25/2019 08:39 PM,112.02,1002,New York County,10/25/2019,08:39 PM,08 PM
ML19016971,40.82015,-73.94952,10031,M,10/30/2019 10:25 AM,217.03,1004,New York County,10/30/2019,10:25 AM,10 AM
ML19017160,40.70933,-74.00187,10038,P,11/02/2019 10:05 AM,15.01,3002,New York County,11/02/2019,10:05 AM,10 AM
ML19017533,40.73597,-73.99567,10011,M,11/07/2019 12:54 PM,63,1000,New York County,11/07/2019,12:54 PM,12 PM
ML19017625,40.751,-73.98778,10018,M,11/08/2019 02:36 PM,109,1007,New York County,11/08/2019,02:36 PM,02 PM
ML19017662,40.71472,-73.99198,10002,M,11/09/2019 09:40 AM,16,5006,New York County,11/09/2019,09:40 AM,09 AM
ML19017863,40.74612,-73.97993,10016,P,11/12/2019 08:27 PM,72,2000,New York County,11/12/2019,08:27 PM,08 PM
ML19018126,40.84209,-73.92623,10452,M,11/17/2019 12:11 AM,201,3000,Bronx County,11/17/2019,12:11 AM,12 AM
ML19018255,40.78684,-73.94526,10029,M,11/19/2019 09:40 AM,164,3005,New York County,11/19/2019,09:40 AM,09 AM
ML19018685,40.77099,-73.96762,10021,M,11/25/2019 10:01 PM,122,4000,New York County,11/25/2019,10:01 PM,10 PM
ML19018711,40.73424,-73.99975,10014,M,11/26/2019 10:38 AM,71,4004,New York County,11/26/2019,10:38 AM,10 AM
ML19018928,40.75118,-73.98775,10018,M,11/30/2019 04:29 PM,109,1007,New York County,11/30/2019,04:29 PM,04 PM
ML19018965,40.79983,-73.94612,10029,M,12/01/2019 12:46 PM,184,2001,New York County,12/01/2019,12:46 PM,12 PM
ML19019045,40.78267,-73.98324,10023,P,12/03/2019 08:13 AM,163,2000,New York County,12/03/2019,08:13 AM,08 AM
ML19019101,40.76531,-73.96384,10065,M,12/04/2019 08:02 AM,118,7000,New York County,12/04/2019,08:02 AM,08 AM
ML19019205,40.82821,-73.94676,10031,M,12/05/2019 10:55 PM,233,2000,New York County,12/05/2019,10:55 PM,10 PM
ML19019215,40.77053,-73.96844,10065,M,12/06/2019 10:49 AM,143,1033,New York County,12/06/2019,10:49 AM,10 AM
ML19019260,40.7659,-73.98497,10019,P,12/06/2019 09:11 PM,139,4000,New York County,12/06/2019,09:11 PM,09 PM
ML19019294,40.77507,-73.9823,10023,P,12/07/2019 03:06 PM,153.02,3001,New York County,12/07/2019,03:06 PM,03 PM
QL18004912,40.75644,-73.80735,11358,M,06/27/2018 02:50 PM,1199,1000,Queens County,06/27/2018,02:50 PM,02 PM
QL18008408,40.78152,-73.81713,11357,M,11/09/2018 08:30 AM,1039,2009,Queens County,11/09/2018,08:30 AM,08 AM
QL19000266,40.78369,-73.81743,11357,P,01/04/2019 02:32 PM,1039,2002,Queens County,01/04/2019,02:32 PM,02 PM
QL19002795,40.75786,-73.83412,11354,M,04/11/2019 08:40 PM,871,1001,Queens County,04/11/2019,08:40 PM,08 PM
QL19003739,40.71248,-74.0062,10007,M,05/22/2019 10:36 AM,31,1022,New York County,05/22/2019,10:36 AM,10 AM
QL19003872,40.73169,-73.82568,11367,M,05/30/2019 12:32 PM,809,3000,Queens County,05/30/2019,12:32 PM,12 PM
QL19004060,40.72929,-73.72616,11426,P,06/07/2019 10:48 AM,1621,4001,Queens County,06/07/2019,10:48 AM,10 AM
QL19004565,40.75052,-73.7938,11358,M,06/26/2019 11:45 AM,1417,1000,Queens County,06/26/2019,11:45 AM,11 AM
QL19006042,40.76377,-73.78737,11358,M,08/30/2019 08:22 AM,1139,2011,Queens County,08/30/2019,08:22 AM,08 AM
QL19006050,40.77394,-73.79238,11358,M,08/30/2019 11:43 AM,997.01,2011,Queens County,08/30/2019,11:43 AM,11 AM
QL19006350,40.75066,-73.78429,11365,M,09/09/2019 01:27 PM,1429,4000,Queens County,09/09/2019,01:27 PM,01 PM
QL19006654,40.75768,-73.78011,11361,M,09/17/2019 02:50 PM,1463,1012,Queens County,09/17/2019,02:50 PM,02 PM
QL19006671,40.76396,-73.79784,11358,M,09/18/2019 11:40 AM,1175,1005,Queens County,09/18/2019,11:40 AM,11 AM
QL19006735,40.7664,-73.73538,11362,M,09/20/2019 05:42 PM,1507.02,1006,Queens County,09/20/2019,05:42 PM,05 PM
QL19006794,40.78726,-73.84473,11356,M,09/23/2019 12:28 PM,947,2004,Queens County,09/23/2019,12:28 PM,12 PM
QL19006833,40.77905,-73.909,11105,M,09/24/2019 09:06 PM,111,1001,Queens County,09/24/2019,09:06 PM,09 PM
QL19006866,40.75589,-73.79377,11358,M,09/25/2019 06:38 PM,1459,1002,Queens County,09/25/2019,06:38 PM,06 PM
QL19007058,40.77006,-73.8457,11354,P,10/02/2019 01:02 PM,907,1029,Queens County,10/02/2019,01:02 PM,01 PM
QL19007363,40.74771,-73.77475,11364,M,10/14/2019 10:16 AM,1409.01,1008,Queens County,10/14/2019,10:16 AM,10 AM
QL19007441,40.74665,-73.71763,11004,M,10/16/2019 10:02 AM,1551.04,4004,Queens County,10/16/2019,10:02 AM,10 AM
QL19007859,40.74645,-73.82433,11355,P,10/26/2019 11:55 AM,799,1005,Queens County,10/26/2019,11:55 AM,11 AM
QL19008127,40.76013,-73.77501,11361,P,11/03/2019 03:11 PM,1467,3006,Queens County,11/03/2019,03:11 PM,03 PM
QL19008248,40.74726,-73.71899,11004,M,11/06/2019 11:28 AM,1551.03,5003,Queens County,11/06/2019,11:28 AM,11 AM
QL19008283,40.74348,-73.87057,11373,M,11/07/2019 08:15 AM,463,2003,Queens County,11/07/2019,08:15 AM,08 AM
QL19008327,40.75178,-73.76709,11364,M,11/07/2019 04:47 PM,1399,2008,Queens County,11/07/2019,04:47 PM,04 PM
QL19008577,40.74292,-73.77616,11365,M,11/14/2019 07:09 PM,1347.02,2001,Queens County,11/14/2019,07:09 PM,07 PM
QL19008585,40.76676,-73.76452,11361,M,11/15/2019 10:21 AM,1113,3008,Queens County,11/15/2019,10:21 AM,10 AM
QL19008627,40.74871,-73.77522,11364,M,11/16/2019 07:50 PM,1409.01,1001,Queens County,11/16/2019,07:50 PM,07 PM
QL19008716,40.73265,-73.74766,11427,M,11/19/2019 05:56 PM,1291.02,4007,Queens County,11/19/2019,05:56 PM,05 PM
QL19008745,40.75133,-73.71331,11005,M,11/20/2019 02:04 PM,1551.04,3000,Queens County,11/20/2019,02:04 PM,02 PM
QL19008776,40.72636,-73.78429,11432,M,11/21/2019 10:49 AM,1277,2008,Queens County,11/21/2019,10:49 AM,10 AM
QL19008864,40.7391,-73.81825,11367,P,11/23/2019 05:44 PM,803.02,3014,Queens County,11/23/2019,05:44 PM,05 PM
QL19008929,40.7503,-73.81877,11355,M,11/25/2019 12:29 PM,1205,1004,Queens County,11/25/2019,12:29 PM,12 PM
QL19008963,40.72236,-73.80969,11366,M,11/26/2019 09:37 AM,1257,3002,Queens County,11/26/2019,09:37 AM,09 AM
QL19008982,40.78938,-73.82366,11357,M,11/26/2019 01:16 PM,945,2002,Queens County,11/26/2019,01:16 PM,01 PM
QL19009008,40.74726,-73.71899,11004,M,11/27/2019 10:31 AM,1551.03,5003,Queens County,11/27/2019,10:31 AM,10 AM
QL19009018,40.78805,-73.84566,11356,M,11/27/2019 01:35 PM,939,2007,Queens County,11/27/2019,01:35 PM,01 PM
QL19009153,40.75569,-73.82005,11355,P,12/03/2019 05:58 PM,859,2001,Queens County,12/03/2019,05:58 PM,05 PM
QL19009158,40.75569,-73.82005,11355,M,12/04/2019 12:41 AM,859,2001,Queens County,12/04/2019,12:41 AM,12 AM
QL19009181,40.75517,-73.76488,11364,M,12/04/2019 01:02 PM,1441,4001,Queens County,12/04/2019,01:02 PM,01 PM
QL19009199,40.74702,-73.71854,11004,M,12/04/2019 03:32 PM,1551.04,4004,Queens County,12/04/2019,03:32 PM,03 PM
QL19009212,40.74871,-73.79223,11358,P,12/05/2019 09:02 AM,1417,2004,Queens County,12/05/2019,09:02 AM,09 AM
QL19009221,40.73488,-73.74941,11427,P,12/05/2019 11:16 AM,1291.02,4005,Queens County,12/05/2019,11:16 AM,11 AM
QL19009224,40.72777,-73.72577,11426,P,12/05/2019 11:39 AM,1621,4005,Queens County,12/05/2019,11:39 AM,11 AM
QL19009246,40.75569,-73.82005,11355,M,12/05/2019 09:07 PM,859,2001,Queens County,12/05/2019,09:07 PM,09 PM
QL19009252,40.74807,-73.72101,11004,P,12/06/2019 08:54 AM,1567,1000,Queens County,12/06/2019,08:54 AM,08 AM
QL19009253,40.77335,-73.81141,11354,M,12/06/2019 09:08 AM,1059,2005,Queens County,12/06/2019,09:08 AM,09 AM
QL19009256,40.73466,-73.71296,11001,P,12/06/2019 09:50 AM,1571.01,7012,Queens County,12/06/2019,09:50 AM,09 AM
QL19009264,40.73859,-73.79726,11365,P,12/06/2019 11:54 AM,1215,1000,Queens County,12/06/2019,11:54 AM,11 AM
QL19009296,40.70015,-73.78396,11433,M,12/07/2019 11:11 AM,414,3001,Queens County,12/07/2019,11:11 AM,11 AM
WL17007806,40.99023,-73.8232,10583,M,08/09/2017 03:23 PM,107.01,2025,Westchester County,08/09/2017,03:23 PM,03 PM
WL18002550,41.03169,-73.86765,10533,M,02/15/2018 02:45 PM,113,3012,Westchester County,02/15/2018,02:45 PM,02 PM
WL18009064,41.15131,-73.76978,10514,M,08/10/2018 09:33 AM,131.02,3032,Westchester County,08/10/2018,09:33 AM,09 AM
WL19000217,41.02267,-73.87048,10522,M,01/07/2019 02:50 PM,113,3025,Westchester County,01/07/2019,02:50 PM,02 PM
WL19000325,40.91821,-73.82872,10550,M,01/10/2019 11:06 AM,40.02,1000,Westchester County,01/10/2019,11:06 AM,11 AM
WL19000383,41.20206,-73.64379,10506,P,01/11/2019 10:03 PM,127,2004,Westchester County,01/11/2019,10:03 PM,10 PM
WL19000570,40.89496,-73.77982,10805,M,01/14/2019 03:24 PM,57.04,2002,Westchester County,01/14/2019,03:24 PM,03 PM
WL19000619,40.93447,-73.79094,10804,M,01/15/2019 02:43 PM,67,4012,Westchester County,01/15/2019,02:43 PM,02 PM
WL19000734,40.96744,-73.73648,10543,M,01/18/2019 08:51 AM,73,2011,Westchester County,01/18/2019,08:51 AM,08 AM
WL19000754,40.9279,-73.83229,10552,M,01/18/2019 01:11 PM,151,3013,Westchester County,01/18/2019,01:11 PM,01 PM
WL19001552,41.01017,-73.754,10605,M,02/04/2019 08:28 AM,97.01,2004,Westchester County,02/04/2019,08:28 AM,08 AM
WL19001708,40.91508,-73.84718,10550,M,02/06/2019 10:24 AM,37,3009,Westchester County,02/06/2019,10:24 AM,10 AM
WL19001720,40.94931,-73.83468,10708,M,02/06/2019 12:43 PM,22.02,3003,Westchester County,02/06/2019,12:43 PM,12 PM
WL19001940,41.04208,-73.74286,10604,M,02/11/2019 10:12 AM,87,1013,Westchester County,02/11/2019,10:12 AM,10 AM
WL19001972,41.006,-73.68206,10573,M,02/11/2019 02:41 PM,83.01,2030,Westchester County,02/11/2019,02:41 PM,02 PM
WL19002215,40.92179,-73.85308,10704,M,02/16/2019 02:28 PM,24.03,2002,Westchester County,02/16/2019,02:28 PM,02 PM
WL19002393,41.15429,-73.85989,10562,M,02/21/2019 02:06 PM,133.04,2008,Westchester County,02/21/2019,02:06 PM,02 PM
WL19003247,40.97197,-73.86753,10710,M,03/12/2019 10:38 AM,9,1002,Westchester County,03/12/2019,10:38 AM,10 AM
WL19003540,40.95609,-73.71953,10543,M,03/18/2019 12:04 PM,74.02,2012,Westchester County,03/18/2019,12:04 PM,12 PM
WL19003737,40.91848,-73.84776,10704,M,03/22/2019 05:49 PM,24.03,1002,Westchester County,03/22/2019,05:49 PM,05 PM
WL19004012,40.94436,-73.85998,10701,P,03/29/2019 04:02 PM,17.02,2026,Westchester County,03/29/2019,04:02 PM,04 PM
WL19004326,40.93299,-73.79124,10804,M,04/07/2019 12:26 PM,67,4014,Westchester County,04/07/2019,12:26 PM,12 PM
WL19004496,40.96739,-73.78774,10804,M,04/11/2019 02:27 PM,68.01,3015,Westchester County,04/11/2019,02:27 PM,02 PM
WL19005529,41.00428,-73.67043,10573,M,05/08/2019 11:34 AM,80,3008,Westchester County,05/08/2019,11:34 AM,11 AM
WL19006204,40.94422,-73.86053,10701,M,05/23/2019 11:11 AM,17.02,1003,Westchester County,05/23/2019,11:11 AM,11 AM
WL19006263,41.00924,-73.66526,10573,M,05/24/2019 10:55 AM,81,4003,Westchester County,05/24/2019,10:55 AM,10 AM
WL19006278,40.91559,-73.8222,10553,M,05/25/2019 07:31 AM,41,3023,Westchester County,05/25/2019,07:31 AM,07 AM
WL19006302,40.94876,-73.76571,10538,M,05/26/2019 05:52 PM,69,2014,Westchester County,05/26/2019,05:52 PM,05 PM
WL19006523,40.954,-73.72552,10543,M,06/03/2019 01:31 PM,74.01,3008,Westchester County,06/03/2019,01:31 PM,01 PM
WL19007098,41.04866,-73.85479,10533,M,06/14/2019 11:07 AM,114.02,1047,Westchester County,06/14/2019,11:07 AM,11 AM
WL19007151,41.01079,-73.65972,10573,M,06/15/2019 11:09 AM,81,4007,Westchester County,06/15/2019,11:09 AM,11 AM
WL19007159,41.13583,-73.85834,10510,M,06/15/2019 04:44 PM,132.01,2021,Westchester County,06/15/2019,04:44 PM,04 PM
WL19007304,40.91142,-73.88905,10705,P,06/19/2019 09:03 PM,13.02,3000,Westchester County,06/19/2019,09:03 PM,09 PM
WL19007383,41.18485,-73.84476,10562,M,06/21/2019 06:47 PM,137,3004,Westchester County,06/21/2019,06:47 PM,06 PM
WL19007610,40.95516,-73.72869,10543,M,06/27/2019 03:41 PM,74.01,3004,Westchester County,06/27/2019,03:41 PM,03 PM
WL19007749,40.96278,-73.80429,10709,M,07/02/2019 09:15 AM,50.02,3013,Westchester County,07/02/2019,09:15 AM,09 AM
WL19007956,40.94618,-73.75551,10538,M,07/09/2019 10:52 AM,69,3015,Westchester County,07/09/2019,10:52 AM,10 AM
WL19008220,41.16097,-73.76753,10514,M,07/16/2019 12:16 PM,131.02,2007,Westchester County,07/16/2019,12:16 PM,12 PM
WL19008235,41.02989,-73.8665,10533,M,07/16/2019 03:34 PM,113,2005,Westchester County,07/16/2019,03:34 PM,03 PM
WL19008262,41.15093,-73.77376,10514,M,07/17/2019 11:28 AM,121.01,2002,Westchester County,07/17/2019,11:28 AM,11 AM
WL19008334,41.00801,-73.87959,10522,M,07/18/2019 10:49 PM,104,3010,Westchester County,07/18/2019,10:49 PM,10 PM
WL19008491,41.02616,-73.67817,10573,M,07/23/2019 04:48 PM,83.02,1003,Westchester County,07/23/2019,04:48 PM,04 PM
WL19008670,41.00518,-73.83689,10502,M,07/28/2019 02:00 PM,106,3042,Westchester County,07/28/2019,02:00 PM,02 PM
WL19008890,41.02997,-73.86585,10533,M,08/03/2019 12:38 PM,113,2005,Westchester County,08/03/2019,12:38 PM,12 PM
WL19009072,41.01787,-73.73035,10605,M,08/08/2019 12:19 PM,97.02,2026,Westchester County,08/08/2019,12:19 PM,12 PM
WL19009118,41.04031,-73.77239,10603,M,08/09/2019 12:11 PM,90,2000,Westchester County,08/09/2019,12:11 PM,12 PM
WL19009315,41.16423,-73.77766,10514,M,08/14/2019 01:37 PM,131.04,3021,Westchester County,08/14/2019,01:37 PM,01 PM
WL19009341,41.29223,-73.78134,10598,M,08/15/2019 11:17 AM,148.08,2043,Westchester County,08/15/2019,11:17 AM,11 AM
WL19009344,40.91798,-73.82516,10550,M,08/15/2019 11:29 AM,41,3006,Westchester County,08/15/2019,11:29 AM,11 AM
WL19009349,40.95379,-73.77854,10804,M,08/15/2019 12:52 PM,68.02,1001,Westchester County,08/15/2019,12:52 PM,12 PM
WL19009632,40.94043,-73.898,10701,M,08/23/2019 06:54 AM,4.03,2006,Westchester County,08/23/2019,06:54 AM,06 AM
WL19009811,40.95506,-73.72896,10543,M,08/25/2019 01:10 PM,74.01,3009,Westchester County,08/25/2019,01:10 PM,01 PM
WL19009830,41.02333,-73.76261,10605,M,08/26/2019 10:21 AM,95,2000,Westchester County,08/26/2019,10:21 AM,10 AM
WL19009840,40.9559,-73.83068,10707,M,08/26/2019 12:38 PM,22.01,1032,Westchester County,08/26/2019,12:38 PM,12 PM
WL19010282,40.9404,-73.77872,10804,M,09/05/2019 10:46 AM,67,3003,Westchester County,09/05/2019,10:46 AM,10 AM
WL19010513,41.03575,-73.86528,10533,M,09/08/2019 05:26 PM,113,4015,Westchester County,09/08/2019,05:26 PM,05 PM
WL19010588,41.03575,-73.86528,10533,M,09/10/2019 10:57 AM,113,4015,Westchester County,09/10/2019,10:57 AM,10 AM
WL19010622,41.0264,-73.78412,10606,M,09/11/2019 08:13 AM,91,2003,Westchester County,09/11/2019,08:13 AM,08 AM
WL19010625,40.9441,-73.74502,10543,M,09/11/2019 10:28 AM,72,5009,Westchester County,09/11/2019,10:28 AM,10 AM
WL19010997,40.96053,-73.68665,10580,M,09/19/2019 10:31 AM,76,3007,Westchester County,09/19/2019,10:31 AM,10 AM
WL19011060,40.94103,-73.82635,10708,M,09/20/2019 10:50 AM,47,2030,Westchester County,09/20/2019,10:50 AM,10 AM
WL19011075,40.98416,-73.88071,10706,M,09/20/2019 01:09 PM,103,2005,Westchester County,09/20/2019,01:09 PM,01 PM
WL19011272,41.13798,-73.85739,10510,M,09/25/2019 02:49 PM,132.01,2016,Westchester County,09/25/2019,02:49 PM,02 PM
WL19011352,41.16382,-73.77702,10514,M,09/27/2019 11:17 AM,131.04,3021,Westchester County,09/27/2019,11:17 AM,11 AM
WL19011381,41.06503,-73.85259,10591,M,09/27/2019 02:44 PM,114.01,2002,Westchester County,09/27/2019,02:44 PM,02 PM
WL19011463,40.91451,-73.89688,10705,M,09/29/2019 09:54 AM,13.05,4002,Westchester County,09/29/2019,09:54 AM,09 AM
WL19011595,40.93615,-73.79246,10804,M,10/02/2019 01:18 PM,67,3043,Westchester County,10/02/2019,01:18 PM,01 PM
WL19011667,41.00832,-73.69052,10573,M,10/04/2019 11:20 AM,83.02,4030,Westchester County,10/04/2019,11:20 AM,11 AM
WL19011719,41.04609,-73.78983,10603,M,10/05/2019 01:23 PM,109.02,4025,Westchester County,10/05/2019,01:23 PM,01 PM
WL19011912,40.96384,-73.80527,10709,M,10/10/2019 03:34 PM,50.02,3013,Westchester County,10/10/2019,03:34 PM,03 PM
WL19012048,41.1662,-73.77858,10514,M,10/13/2019 06:02 PM,131.04,3021,Westchester County,10/13/2019,06:02 PM,06 PM
WL19012163,40.91132,-73.88899,10705,M,10/15/2019 06:05 PM,13.02,3000,Westchester County,10/15/2019,06:05 PM,06 PM
WL19012182,40.93436,-73.84828,10708,M,10/16/2019 10:35 AM,22.04,3010,Westchester County,10/16/2019,10:35 AM,10 AM
WL19012288,41.01797,-73.75686,10605,M,10/18/2019 01:57 PM,97.02,1003,Westchester County,10/18/2019,01:57 PM,01 PM
WL19012578,41.03174,-73.68545,10573,M,10/24/2019 02:24 PM,83.02,3028,Westchester County,10/24/2019,02:24 PM,02 PM
WL19012606,41.02704,-73.68682,10573,M,10/25/2019 11:10 AM,83.02,2001,Westchester County,10/25/2019,11:10 AM,11 AM
WL19012629,40.96669,-73.77363,10804,M,10/25/2019 03:33 PM,68.02,2001,Westchester County,10/25/2019,03:33 PM,03 PM
WL19012658,40.90537,-73.81209,10803,M,10/26/2019 02:33 PM,54,2025,Westchester County,10/26/2019,02:33 PM,02 PM
WL19012684,40.92349,-73.83197,10552,M,10/27/2019 02:15 PM,39,1010,Westchester County,10/27/2019,02:15 PM,02 PM
WL19012716,41.00829,-73.78643,10583,M,10/28/2019 11:00 AM,100,3008,Westchester County,10/28/2019,11:00 AM,11 AM
WL19012864,41.021,-73.69033,10573,M,10/30/2019 05:36 PM,83.02,4003,Westchester County,10/30/2019,05:36 PM,05 PM
WL19012922,40.93926,-73.77171,10804,M,11/01/2019 12:32 PM,67,2003,Westchester County,11/01/2019,12:32 PM,12 PM
WL19012951,40.93742,-73.83189,10708,M,11/02/2019 09:40 AM,46,3000,Westchester County,11/02/2019,09:40 AM,09 AM
WL19012982,40.99278,-73.80303,10583,M,11/02/2019 08:12 PM,100,4035,Westchester County,11/02/2019,08:12 PM,08 PM
WL19013082,40.93701,-73.7936,10804,M,11/05/2019 09:03 AM,66,1004,Westchester County,11/05/2019,09:03 AM,09 AM
WL19013103,41.00294,-73.66641,10573,M,11/05/2019 11:50 AM,80,3009,Westchester County,11/05/2019,11:50 AM,11 AM
WL19013114,41.06397,-73.83531,10591,M,11/05/2019 01:28 PM,111.01,1009,Westchester County,11/05/2019,01:28 PM,01 PM
WL19013187,41.00698,-73.78679,10583,M,11/06/2019 04:12 PM,100,3011,Westchester County,11/06/2019,04:12 PM,04 PM
WL19013199,40.96404,-73.79602,10804,M,11/06/2019 08:02 PM,68.01,3042,Westchester County,11/06/2019,08:02 PM,08 PM
WL19013256,41.30063,-73.7931,10598,M,11/08/2019 08:46 AM,148.11,3012,Westchester County,11/08/2019,08:46 AM,08 AM
WL19013329,40.93,-73.83491,10552,M,11/09/2019 01:47 PM,45,1001,Westchester County,11/09/2019,01:47 PM,01 PM
WL19013352,40.94836,-73.76624,10538,M,11/10/2019 04:33 PM,70,4002,Westchester County,11/10/2019,04:33 PM,04 PM
WL19013381,40.98076,-73.82313,10583,M,11/11/2019 12:22 PM,21.05,1006,Westchester County,11/11/2019,12:22 PM,12 PM
WL19013386,40.92811,-73.81738,10552,M,11/11/2019 12:47 PM,151,1004,Westchester County,11/11/2019,12:47 PM,12 PM
WL19013475,40.96344,-73.77793,10804,M,11/13/2019 12:56 PM,68.02,2015,Westchester County,11/13/2019,12:56 PM,12 PM
WL19013545,40.94275,-73.7558,10538,M,11/14/2019 02:02 PM,69,3036,Westchester County,11/14/2019,02:02 PM,02 PM
WL19013551,40.93964,-73.79897,10804,M,11/14/2019 02:24 PM,68.02,4010,Westchester County,11/14/2019,02:24 PM,02 PM
WL19013565,41.06463,-73.85417,10591,M,11/14/2019 05:15 PM,114.01,2013,Westchester County,11/14/2019,05:15 PM,05 PM
WL19013584,40.97318,-73.83593,10710,M,11/15/2019 07:41 AM,21.01,3007,Westchester County,11/15/2019,07:41 AM,07 AM
WL19013588,41.08435,-73.77727,10595,M,11/15/2019 09:13 AM,119.02,2001,Westchester County,11/15/2019,09:13 AM,09 AM
WL19013613,41.0648,-73.76655,10603,M,11/15/2019 11:46 AM,123.01,1026,Westchester County,11/15/2019,11:46 AM,11 AM
WL19013616,40.98191,-73.83191,10710,M,11/15/2019 12:26 PM,21.01,1005,Westchester County,11/15/2019,12:26 PM,12 PM
WL19013728,40.9279,-73.83229,10552,M,11/18/2019 10:34 AM,151,3013,Westchester County,11/18/2019,10:34 AM,10 AM
WL19013822,40.95447,-73.79823,10804,M,11/19/2019 10:31 PM,68.02,3024,Westchester County,11/19/2019,10:31 PM,10 PM
WL19013850,40.92999,-73.83491,10552,M,11/20/2019 11:51 AM,45,1001,Westchester County,11/20/2019,11:51 AM,11 AM
WL19013864,41.03663,-73.76512,10601,M,11/20/2019 03:02 PM,89.01,5005,Westchester County,11/20/2019,03:02 PM,03 PM
WL19013878,40.94588,-73.8919,10703,M,11/20/2019 06:57 PM,6.02,4004,Westchester County,11/20/2019,06:57 PM,06 PM
WL19013899,40.92204,-73.78255,10801,M,11/21/2019 09:26 AM,65,3000,Westchester County,11/21/2019,09:26 AM,09 AM
WL19013904,40.96977,-73.69237,10580,M,11/21/2019 10:13 AM,75,2002,Westchester County,11/21/2019,10:13 AM,10 AM
WL19013907,40.91575,-73.79507,10801,M,11/21/2019 10:22 AM,63.01,1004,Westchester County,11/21/2019,10:22 AM,10 AM
WL19013921,40.98962,-73.72138,10528,M,11/21/2019 12:10 PM,85,1030,Westchester County,11/21/2019,12:10 PM,12 PM
WL19013950,40.97937,-73.67842,10580,M,11/21/2019 11:58 PM,76,6001,Westchester County,11/21/2019,11:58 PM,11 PM
WL19013973,40.91051,-73.8876,10705,M,11/22/2019 10:52 AM,13.02,3000,Westchester County,11/22/2019,10:52 AM,10 AM
WL19014004,41.01666,-73.6852,10573,M,11/23/2019 10:44 AM,83.02,4007,Westchester County,11/23/2019,10:44 AM,10 AM
WL19014022,41.20945,-73.73165,10549,M,11/23/2019 05:19 PM,130,4026,Westchester County,11/23/2019,05:19 PM,05 PM
WL19014155,41.07208,-73.8589,10591,M,11/25/2019 03:14 PM,114.01,4018,Westchester County,11/25/2019,03:14 PM,03 PM
WL19014157,40.91388,-73.87859,10705,M,11/25/2019 03:28 PM,14.02,2005,Westchester County,11/25/2019,03:28 PM,03 PM
WL19014191,40.94996,-73.84873,10710,M,11/26/2019 07:55 AM,22.03,2004,Westchester County,11/26/2019,07:55 AM,07 AM
WL19014202,41.13303,-73.83628,10510,M,11/26/2019 10:18 AM,132.01,2036,Westchester County,11/26/2019,10:18 AM,10 AM
WL19014203,41.18998,-73.87127,10562,M,11/26/2019 10:19 AM,137,1000,Westchester County,11/26/2019,10:19 AM,10 AM
WL19014222,40.93555,-73.79224,10804,M,11/26/2019 12:58 PM,67,3043,Westchester County,11/26/2019,12:58 PM,12 PM
WL19014235,41.00196,-73.87563,10706,M,11/26/2019 03:07 PM,102,1006,Westchester County,11/26/2019,03:07 PM,03 PM
WL19014309,40.97699,-73.77547,10583,M,11/28/2019 11:12 AM,68.01,2003,Westchester County,11/28/2019,11:12 AM,11 AM
WL19014447,40.96816,-73.80989,10709,M,12/03/2019 08:31 AM,50.02,2011,Westchester County,12/03/2019,08:31 AM,08 AM
WL19014479,40.99915,-73.88165,10706,M,12/03/2019 05:07 PM,103,1004,Westchester County,12/03/2019,05:07 PM,05 PM
WL19014493,40.9707,-73.78125,10804,M,12/04/2019 09:10 AM,68.01,3009,Westchester County,12/04/2019,09:10 AM,09 AM
WL19014498,40.94871,-73.69171,10580,M,12/04/2019 10:28 AM,76,2005,Westchester County,12/04/2019,10:28 AM,10 AM
WL19014500,40.97328,-73.72162,10528,M,12/04/2019 10:51 AM,84.03,1010,Westchester County,12/04/2019,10:51 AM,10 AM
WL19014504,41.00721,-73.87922,10522,P,12/04/2019 11:37 AM,104,3010,Westchester County,12/04/2019,11:37 AM,11 AM
WL19014544,40.98336,-73.72174,10528,M,12/04/2019 10:08 PM,85,1033,Westchester County,12/04/2019,10:08 PM,10 PM
WL19014549,40.90574,-73.79281,10801,M,12/05/2019 08:40 AM,61,3000,Westchester County,12/05/2019,08:40 AM,08 AM
WL19014551,41.12853,-73.70273,10504,M,12/05/2019 09:04 AM,123.03,1007,Westchester County,12/05/2019,09:04 AM,09 AM
WL19014570,40.97414,-73.8356,10710,P,12/05/2019 01:18 PM,21.01,3008,Westchester County,12/05/2019,01:18 PM,01 PM
WL19014571,40.94811,-73.77764,10804,M,12/05/2019 01:49 PM,67,1008,Westchester County,12/05/2019,01:49 PM,01 PM
WL19014586,41.3222,-73.77897,10598,P,12/06/2019 07:10 AM,148.11,4005,Westchester County,12/06/2019,07:10 AM,07 AM
WL19014611,40.99713,-73.88283,10706,M,12/06/2019 11:33 AM,103,1004,Westchester County,12/06/2019,11:33 AM,11 AM
WL19014613,41.02965,-73.78623,10606,P,12/06/2019 12:02 PM,91,2008,Westchester County,12/06/2019,12:02 PM,12 PM
WL19014614,40.94466,-73.8804,10701,M,12/06/2019 12:03 PM,16,4011,Westchester County,12/06/2019,12:03 PM,12 PM
WL19014623,40.93583,-73.79234,10804,M,12/06/2019 02:06 PM,67,3043,Westchester County,12/06/2019,02:06 PM,02 PM
WL19014631,40.9607,-73.68753,10580,P,12/06/2019 03:42 PM,76,3007,Westchester County,12/06/2019,03:42 PM,03 PM
WL19014643,41.00759,-73.87917,10522,M,12/07/2019 01:08 AM,104,3010,Westchester County,12/07/2019,01:08 AM,01 AM
WL19014644,40.92131,-73.78979,10801,M,12/07/2019 02:23 AM,64,1006,Westchester County,12/07/2019,02:23 AM,02 AM
WL19014656,41.0644,-73.76751,10603,P,12/07/2019 11:02 AM,123.01,1025,Westchester County,12/07/2019,11:02 AM,11 AM
XL18005966,40.81532,-73.9306,10451,M,05/14/2018 08:33 PM,63.01,2036,Bronx County,05/14/2018,08:33 PM,08 PM
XL19004681,40.91124,-73.9063,10471,M,04/10/2019 01:59 PM,319,1006,Bronx County,04/10/2019,01:59 PM,01 PM
XL19007996,40.81922,-73.90442,10456,M,06/23/2019 10:03 AM,77,1006,Bronx County,06/23/2019,10:03 AM,10 AM
XL19009240,40.88379,-73.85306,10466,M,07/20/2019 10:18 AM,398,3001,Bronx County,07/20/2019,10:18 AM,10 AM
XL19011962,40.82997,-73.86012,10472,P,09/16/2019 01:48 PM,72,1003,Bronx County,09/16/2019,01:48 PM,01 PM
XL19012109,40.8114,-73.90679,10455,M,09/19/2019 10:57 AM,35,3000,Bronx County,09/19/2019,10:57 AM,10 AM
XL19013105,40.82766,-73.92604,10451,P,10/10/2019 11:45 AM,63.02,1004,Bronx County,10/10/2019,11:45 AM,11 AM
XL19013278,40.81713,-73.90507,10455,M,10/14/2019 01:07 PM,79,1004,Bronx County,10/14/2019,01:07 PM,01 PM
QL19008987,40.75049,-73.79308,11358,P,11/26/2019 02:38 PM,1417,1000,Queens County,11/26/2019,02:38 PM,02 PM
QL19009072,40.75049,-73.79308,11358,P,11/30/2019 10:40 AM,1417,1000,Queens County,11/30/2019,10:40 AM,10 AM
XL19013544,40.86897,-73.89477,10468,M,10/20/2019 10:08 AM,403.03,3001,Bronx County,10/20/2019,10:08 AM,10 AM
XL19014233,40.86115,-73.897,10458,M,11/03/2019 09:25 AM,237.02,1001,Bronx County,11/03/2019,09:25 AM,09 AM
XL19014574,40.82747,-73.92616,10451,M,11/11/2019 09:03 AM,63.02,1004,Bronx County,11/11/2019,09:03 AM,09 AM
XL19014737,40.88971,-73.90279,10471,M,11/14/2019 01:23 PM,351,1000,Bronx County,11/14/2019,01:23 PM,01 PM
XL19014738,40.82863,-73.91141,10456,M,11/14/2019 01:30 PM,143,1006,Bronx County,11/14/2019,01:30 PM,01 PM
XL19014924,40.87637,-73.82428,10475,M,11/18/2019 10:49 AM,462.03,4000,Bronx County,11/18/2019,10:49 AM,10 AM
XL19014937,40.85847,-73.8525,10469,M,11/18/2019 01:56 PM,318,2008,Bronx County,11/18/2019,01:56 PM,01 PM
XL19015393,40.83763,-73.85384,10462,M,11/26/2019 10:08 AM,222,1003,Bronx County,11/26/2019,10:08 AM,10 AM
XL19015764,40.85045,-73.7844,10464,M,12/05/2019 11:04 AM,516.01,1016,Bronx County,12/05/2019,11:04 AM,11 AM
XL19015808,40.85629,-73.89372,10458,P,12/06/2019 11:07 AM,385,2001,Bronx County,12/06/2019,11:07 AM,11 AM
XL19015830,40.87243,-73.89894,10468,M,12/06/2019 02:31 PM,267.02,1001,Bronx County,12/06/2019,02:31 PM,02 PM
XL19015874,40.82285,-73.87933,10473,P,12/07/2019 12:24 PM,28,1010,Bronx County,12/07/2019,12:24 PM,12 PM
XL19015893,40.88796,-73.90938,10463,P,12/07/2019 11:02 PM,297,1005,Bronx County,12/07/2019,11:02 PM,11 PM
ML19007215,40.74306,-73.9842,10016,P,05/09/2019 08:43 AM,68,1000,New York County,05/09/2019,08:43 AM,08 AM
ML19018780,40.73065,-73.98306,10009,P,11/27/2019 10:06 AM,34,4001,New York County,11/27/2019,10:06 AM,10 AM
ML19019323,40.72398,-73.98605,10009,M,12/08/2019 09:32 AM,32,4000,New York County,12/08/2019,09:32 AM,09 AM
ML19019325,40.71639,-73.9948,10002,P,12/08/2019 10:05 AM,16,1002,New York County,12/08/2019,10:05 AM,10 AM
ML19019328,40.72216,-74.01168,10013,M,12/08/2019 12:21 PM,39,2000,New York County,12/08/2019,12:21 PM,12 PM
ML19019360,40.71669,-73.9863,10002,P,12/09/2019 12:26 AM,14.02,2006,New York County,12/09/2019,12:26 AM,12 AM
ML19019364,40.72256,-74.00142,10013,P,12/09/2019 08:52 AM,47,2010,New York County,12/09/2019,08:52 AM,08 AM
ML19019382,40.7781,-73.94555,10128,M,12/09/2019 02:57 PM,152,5000,New York County,12/09/2019,02:57 PM,02 PM
ML19019440,40.74263,-74.00043,10011,P,12/10/2019 03:58 PM,89,2001,New York County,12/10/2019,03:58 PM,03 PM
QL19009326,40.73931,-73.78566,11365,M,12/08/2019 10:32 AM,1347.01,1002,Queens County,12/08/2019,10:32 AM,10 AM
QL19009332,40.73488,-73.74941,11427,P,12/08/2019 07:55 PM,1291.02,4005,Queens County,12/08/2019,07:55 PM,07 PM
QL19009334,40.74209,-73.77583,11365,M,12/08/2019 08:50 PM,1347.02,2001,Queens County,12/08/2019,08:50 PM,08 PM
QL19009338,40.73057,-73.72517,11426,P,12/09/2019 08:37 AM,1621,1001,Queens County,12/09/2019,08:37 AM,08 AM
WL19014689,40.98181,-73.70115,10580,M,12/08/2019 10:17 AM,77,3006,Westchester County,12/08/2019,10:17 AM,10 AM
WL19014762,41.26099,-73.77553,10598,M,12/10/2019 01:13 PM,148.09,4043,Westchester County,12/10/2019,01:13 PM,01 PM
XL19015908,40.84474,-73.90759,10457,M,12/08/2019 10:11 AM,229.02,1000,Bronx County,12/08/2019,10:11 AM,10 AM
XL19015986,40.83082,-73.8172,10465,P,12/10/2019 09:01 AM,160,1009,Bronx County,12/10/2019,09:01 AM,09 AM
XL19015991,40.8192,-73.89576,10459,M,12/10/2019 10:07 AM,87,2002,Bronx County,12/10/2019,10:07 AM,10 AM
XL19016000,40.80867,-73.85194,10473,M,12/10/2019 12:05 PM,4,3002,Bronx County,12/10/2019,12:05 PM,12 PM
ML19018545,40.85471,-73.92798,10040,P,11/23/2019 01:45 PM,277,3001,New York County,11/23/2019,01:45 PM,01 PM
ML19019473,40.7435,-74.00185,10011,M,12/11/2019 11:54 AM,89,2001,New York County,12/11/2019,11:54 AM,11 AM
ML19019474,40.74613,-73.99788,10001,M,12/11/2019 11:55 AM,93,1002,New York County,12/11/2019,11:55 AM,11 AM
ML19019504,40.78855,-73.94898,10029,M,12/11/2019 08:26 PM,166,6000,New York County,12/11/2019,08:26 PM,08 PM
QL19009422,40.74645,-73.82433,11355,P,12/11/2019 11:22 AM,799,1005,Queens County,12/11/2019,11:22 AM,11 AM
WL19014785,40.97056,-73.78154,10804,M,12/11/2019 09:49 AM,68.01,3011,Westchester County,12/11/2019,09:49 AM,09 AM
WL19014798,41.22299,-73.71501,10507,M,12/11/2019 12:00 PM,128.04,1027,Westchester County,12/11/2019,12:00 PM,12 PM
WL19014811,40.94234,-73.75574,10538,M,12/11/2019 04:20 PM,69,3036,Westchester County,12/11/2019,04:20 PM,04 PM
ML19019523,40.73712,-74.00575,10014,P,12/12/2019 09:56 AM,77,3007,New York County,12/12/2019,09:56 AM,09 AM
ML19019532,40.7238,-73.98564,10009,M,12/12/2019 11:32 AM,32,4000,New York County,12/12/2019,11:32 AM,11 AM
ML19019555,40.75341,-73.99632,10001,M,12/12/2019 10:33 PM,111,2005,New York County,12/12/2019,10:33 PM,10 PM
QL19009497,40.78775,-73.78822,11360,P,12/12/2019 09:14 PM,997.05,1020,Queens County,12/12/2019,09:14 PM,09 PM
WL19014826,41.06227,-73.8088,10523,M,12/12/2019 09:05 AM,110,1016,Westchester County,12/12/2019,09:05 AM,09 AM
WL19014837,41.15879,-73.77559,10514,M,12/12/2019 12:03 PM,131.04,4017,Westchester County,12/12/2019,12:03 PM,12 PM
WL19014844,41.18579,-73.73719,10549,M,12/12/2019 01:48 PM,131.02,4001,Westchester County,12/12/2019,01:48 PM,01 PM
WL19014851,40.91237,-73.84387,10550,P,12/12/2019 05:01 PM,36,2008,Westchester County,12/12/2019,05:01 PM,05 PM
WL19014853,40.99958,-73.7466,10605,M,12/12/2019 05:19 PM,97.03,3020,Westchester County,12/12/2019,05:19 PM,05 PM
WL19014862,41.00974,-73.81111,10583,M,12/12/2019 08:43 PM,108.01,2018,Westchester County,12/12/2019,08:43 PM,08 PM
WL19014863,40.94951,-73.71333,10580,M,12/12/2019 09:53 PM,75,3026,Westchester County,12/12/2019,09:53 PM,09 PM
ML19019584,40.75009,-73.99499,10001,P,12/13/2019 01:18 PM,101,1005,New York County,12/13/2019,01:18 PM,01 PM
QL19009529,40.76987,-73.77506,11361,M,12/13/2019 05:14 PM,1097,2001,Queens County,12/13/2019,05:14 PM,05 PM
QL19009535,40.75014,-73.80746,11358,M,12/13/2019 09:44 PM,1207.01,2004,Queens County,12/13/2019,09:44 PM,09 PM
WL19014871,40.95448,-73.8207,10707,M,12/13/2019 07:46 AM,48.02,5008,Westchester County,12/13/2019,07:46 AM,07 AM
WL19014873,40.99955,-73.76225,10605,P,12/13/2019 08:25 AM,97.01,1011,Westchester County,12/13/2019,08:25 AM,08 AM
WL19014876,41.0644,-73.76751,10603,P,12/13/2019 09:02 AM,123.01,1025,Westchester County,12/13/2019,09:02 AM,09 AM
WL19014880,40.96353,-73.77774,10804,M,12/13/2019 09:28 AM,68.02,2015,Westchester County,12/13/2019,09:28 AM,09 AM
WL19014883,41.13585,-73.79028,10570,M,12/13/2019 09:53 AM,122.02,6007,Westchester County,12/13/2019,09:53 AM,09 AM
WL19014884,40.96546,-73.86791,10710,M,12/13/2019 10:23 AM,19,1008,Westchester County,12/13/2019,10:23 AM,10 AM
WL19014891,41.0609,-73.86277,10591,M,12/13/2019 11:12 AM,114.02,1005,Westchester County,12/13/2019,11:12 AM,11 AM
WL19014907,41.03845,-73.74811,10604,M,12/13/2019 01:42 PM,87,3000,Westchester County,12/13/2019,01:42 PM,01 PM
WL19014911,41.03632,-73.83689,10607,P,12/13/2019 02:00 PM,111.01,4008,Westchester County,12/13/2019,02:00 PM,02 PM
WL19014912,41.01425,-73.84056,10502,M,12/13/2019 02:12 PM,106,2004,Westchester County,12/13/2019,02:12 PM,02 PM
WL19014916,40.99618,-73.82048,10583,M,12/13/2019 04:01 PM,107.01,4014,Westchester County,12/13/2019,04:01 PM,04 PM
WL19014917,41.10571,-73.79385,10532,M,12/13/2019 04:10 PM,120,3019,Westchester County,12/13/2019,04:10 PM,04 PM
WL19014921,40.9805,-73.83082,10710,M,12/13/2019 05:02 PM,21.01,2008,Westchester County,12/13/2019,05:02 PM,05 PM
WL19014925,41.20606,-73.89231,10520,M,12/13/2019 09:06 PM,139,3005,Westchester County,12/13/2019,09:06 PM,09 PM
WL19014932,40.92857,-73.79673,10804,P,12/14/2019 03:29 AM,66,2008,Westchester County,12/14/2019,03:29 AM,03 AM
XL19016133,40.84671,-73.88547,10460,M,12/13/2019 09:23 AM,371,1002,Bronx County,12/13/2019,09:23 AM,09 AM
XL19016146,40.87875,-73.84629,10469,P,12/13/2019 11:56 AM,386,2007,Bronx County,12/13/2019,11:56 AM,11 AM
XL19016163,40.86402,-73.86327,10467,P,12/13/2019 04:20 PM,328,1003,Bronx County,12/13/2019,04:20 PM,04 PM
ML19019629,40.73634,-74.00832,10014,P,12/14/2019 10:28 AM,79,2002,New York County,12/14/2019,10:28 AM,10 AM
QL19009542,40.77655,-73.7735,11360,P,12/14/2019 10:36 AM,1093,2005,Queens County,12/14/2019,10:36 AM,10 AM
WL19014941,41.20896,-73.88792,10520,M,12/14/2019 09:59 AM,139,4026,Westchester County,12/14/2019,09:59 AM,09 AM
WL19014943,40.94641,-73.7634,10538,M,12/14/2019 09:49 AM,70,3000,Westchester County,12/14/2019,09:49 AM,09 AM
WL19014945,40.9378,-73.72963,10543,P,12/14/2019 11:09 AM,72,2009,Westchester County,12/14/2019,11:09 AM,11 AM
WL19014949,40.93824,-73.86559,10701,P,12/14/2019 11:54 AM,23,1000,Westchester County,12/14/2019,11:54 AM,11 AM
WL19014956,40.99481,-73.78076,10583,M,12/14/2019 01:11 PM,99,3008,Westchester County,12/14/2019,01:11 PM,01 PM
WL19014973,40.97671,-73.77443,10583,P,12/14/2019 06:45 PM,98,1015,Westchester County,12/14/2019,06:45 PM,06 PM
XL19016123,40.82798,-73.92585,10452,M,12/12/2019 08:35 PM,63.02,1003,Bronx County,12/12/2019,08:35 PM,08 PM
ML19019678,40.72398,-73.98605,10009,M,12/15/2019 09:58 AM,32,4000,New York County,12/15/2019,09:58 AM,09 AM
QL19009566,40.73512,-73.70555,11001,P,12/15/2019 10:52 AM,1579.03,3000,Queens County,12/15/2019,10:52 AM,10 AM
WL19014984,40.9984,-73.71722,10580,M,12/15/2019 09:49 AM,85,2007,Westchester County,12/15/2019,09:49 AM,09 AM
WL19015001,41.16409,-73.77739,10514,M,12/16/2019 03:42 AM,131.04,3021,Westchester County,12/16/2019,03:42 AM,03 AM
ML19019021,40.77458,-73.96402,10021,P,12/02/2019 01:46 PM,130,4000,New York County,12/02/2019,01:46 PM,01 PM
ML19019721,40.7453,-73.98685,10001,M,12/16/2019 09:41 AM,76,2004,New York County,12/16/2019,09:41 AM,09 AM
ML19019737,40.72605,-74.00962,10013,M,12/16/2019 01:07 PM,37,1009,New York County,12/16/2019,01:07 PM,01 PM
QL19009583,40.73467,-73.74934,11427,M,12/16/2019 10:44 AM,1291.02,4004,Queens County,12/16/2019,10:44 AM,10 AM
QL19009591,40.72132,-73.81138,11367,P,12/16/2019 12:28 PM,779.04,2003,Queens County,12/16/2019,12:28 PM,12 PM
QL19009593,40.72203,-73.81674,11367,M,12/16/2019 12:53 PM,779.04,4000,Queens County,12/16/2019,12:53 PM,12 PM
QL19009602,40.77505,-73.9193,11102,P,12/16/2019 07:27 PM,97,3000,Queens County,12/16/2019,07:27 PM,07 PM
QL19009607,40.73445,-73.74931,11427,M,12/16/2019 11:00 PM,1291.02,4005,Queens County,12/16/2019,11:00 PM,11 PM
WL19015010,41.26082,-73.94069,10511,P,12/16/2019 10:31 AM,140,1019,Westchester County,12/16/2019,10:31 AM,10 AM
WL19015027,40.92655,-73.73426,10543,P,12/16/2019 01:29 PM,72,4002,Westchester County,12/16/2019,01:29 PM,01 PM
WL19015037,40.95432,-73.81212,10709,P,12/16/2019 03:11 PM,51,2006,Westchester County,12/16/2019,03:11 PM,03 PM
WL19015045,40.98579,-73.83281,10583,M,12/16/2019 05:00 PM,107.01,2019,Westchester County,12/16/2019,05:00 PM,05 PM
WL19015048,40.95252,-73.86607,10701,P,12/16/2019 05:16 PM,17.01,4008,Westchester County,12/16/2019,05:16 PM,05 PM
XL19016269,40.86115,-73.897,10458,M,12/16/2019 08:21 AM,237.02,1001,Bronx County,12/16/2019,08:21 AM,08 AM
XL19016292,40.82188,-73.80963,10465,M,12/16/2019 01:21 PM,138,1026,Bronx County,12/16/2019,01:21 PM,01 PM
XL19016314,40.89674,-73.84227,10466,M,12/16/2019 06:19 PM,448,1002,Bronx County,12/16/2019,06:19 PM,06 PM
ML19009535,40.77043,-73.96011,10021,M,06/19/2019 09:48 AM,126.01,1001,New York County,06/19/2019,09:48 AM,09 AM
ML19018792,40.75664,-73.98046,10036,P,11/27/2019 11:44 AM,96,1003,New York County,11/27/2019,11:44 AM,11 AM
ML19019780,40.76903,-73.9849,10019,M,12/17/2019 07:48 AM,145,4000,New York County,12/17/2019,07:48 AM,07 AM
ML19019789,40.74595,-73.99801,10011,M,12/17/2019 11:15 AM,91,3000,New York County,12/17/2019,11:15 AM,11 AM
QL19009647,40.76435,-73.7344,11362,P,12/17/2019 06:56 PM,1507.02,2009,Queens County,12/17/2019,06:56 PM,06 PM
WL19014408,41.02048,-73.78994,10530,M,12/02/2019 10:20 AM,108.04,1020,Westchester County,12/02/2019,10:20 AM,10 AM
WL19015068,40.94899,-73.83811,10708,M,12/17/2019 08:41 AM,22.02,3010,Westchester County,12/17/2019,08:41 AM,08 AM
WL19015106,40.94811,-73.77764,10804,P,12/17/2019 05:28 PM,67,1008,Westchester County,12/17/2019,05:28 PM,05 PM
XL19016295,40.90378,-73.89929,10471,P,12/16/2019 01:58 PM,345,2002,Bronx County,12/16/2019,01:58 PM,01 PM
ML19019847,40.74735,-73.99699,10001,P,12/18/2019 11:00 AM,95,2003,New York County,12/18/2019,11:00 AM,11 AM
ML19019861,40.72094,-73.9888,10002,P,12/18/2019 01:48 PM,30.01,2002,New York County,12/18/2019,01:48 PM,01 PM
WL19015124,40.98517,-73.83343,10710,M,12/18/2019 08:34 AM,21.01,2000,Westchester County,12/18/2019,08:34 AM,08 AM
WL19015125,41.25351,-73.93331,10548,P,12/18/2019 08:49 AM,146.04,1004,Westchester County,12/18/2019,08:49 AM,08 AM
XL19016387,40.87915,-73.85931,10467,P,12/18/2019 07:28 AM,380,2000,Bronx County,12/18/2019,07:28 AM,07 AM
ML19016350,40.80008,-73.95494,10026,P,10/21/2019 10:35 AM,216,5000,New York County,10/21/2019,10:35 AM,10 AM
ML19017813,40.74763,-73.97478,10016,P,11/12/2019 08:10 AM,78,1000,New York County,11/12/2019,08:10 AM,08 AM
ML19019901,40.75249,-73.98058,10017,P,12/19/2019 11:49 AM,82,1001,New York County,12/19/2019,11:49 AM,11 AM
ML19019909,40.72224,-74.00078,10013,P,12/19/2019 01:21 PM,47,2011,New York County,12/19/2019,01:21 PM,01 PM
QL19008983,40.74394,-73.70111,11040,M,11/26/2019 01:35 PM,1579.01,3000,Queens County,11/26/2019,01:35 PM,01 PM
WL19015172,40.93082,-73.85985,10704,P,12/19/2019 09:06 AM,24.05,1006,Westchester County,12/19/2019,09:06 AM,09 AM
QL19009718,40.71876,-73.74409,11428,M,12/20/2019 06:50 AM,542,2009,Queens County,12/20/2019,06:50 AM,06 AM
QL19009720,40.73194,-73.80404,11365,P,12/20/2019 08:27 AM,1223,3009,Queens County,12/20/2019,08:27 AM,08 AM
QL19009753,40.71876,-73.74409,11428,M,12/20/2019 04:26 PM,542,2009,Queens County,12/20/2019,04:26 PM,04 PM
WL19015214,40.94272,-73.85485,10701,M,12/20/2019 09:38 AM,23,2000,Westchester County,12/20/2019,09:38 AM,09 AM
WL19015215,41.16441,-73.77797,10514,M,12/20/2019 09:44 AM,131.04,3025,Westchester County,12/20/2019,09:44 AM,09 AM
WL19015218,40.96446,-73.87887,10703,P,12/20/2019 10:21 AM,8.01,1002,Westchester County,12/20/2019,10:21 AM,10 AM
WL19015219,40.92019,-73.85088,10704,P,12/20/2019 10:24 AM,24.03,1008,Westchester County,12/20/2019,10:24 AM,10 AM
WL19015230,40.93214,-73.88721,10701,M,12/20/2019 01:28 PM,11.02,3001,Westchester County,12/20/2019,01:28 PM,01 PM
WL19015236,40.94702,-73.85827,10701,M,12/20/2019 03:25 PM,17.02,2023,Westchester County,12/20/2019,03:25 PM,03 PM
WL19015237,40.94723,-73.85818,10701,M,12/20/2019 03:41 PM,17.02,2023,Westchester County,12/20/2019,03:41 PM,03 PM
WL19015258,40.96514,-73.81758,10709,P,12/20/2019 10:44 PM,50.02,2020,Westchester County,12/20/2019,10:44 PM,10 PM
ML19019998,40.74104,-73.97865,10016,P,12/21/2019 01:00 AM,66,2000,New York County,12/21/2019,01:00 AM,01 AM
ML19020011,40.83692,-73.94269,10032,M,12/21/2019 09:14 AM,245,4001,New York County,12/21/2019,09:14 AM,09 AM
QL19009767,40.75911,-73.7905,11358,P,12/21/2019 09:04 AM,1175,4007,Queens County,12/21/2019,09:04 AM,09 AM
QL19009777,40.74747,-73.71435,11004,M,12/21/2019 12:02 PM,1551.04,4002,Queens County,12/21/2019,12:02 PM,12 PM
QL19009780,40.7227,-73.80072,11366,M,12/21/2019 01:19 PM,1265,1000,Queens County,12/21/2019,01:19 PM,01 PM
QL19009781,40.74747,-73.71435,11004,M,12/21/2019 01:29 PM,1551.04,4002,Queens County,12/21/2019,01:29 PM,01 PM
QL19009782,40.73985,-73.9279,11101,P,12/21/2019 03:51 PM,189,2006,Queens County,12/21/2019,03:51 PM,03 PM
QL19009784,40.7605,-73.78052,11361,P,12/21/2019 04:06 PM,1463,1003,Queens County,12/21/2019,04:06 PM,04 PM
QL19009785,40.75845,-73.78123,11361,P,12/21/2019 05:15 PM,1463,1005,Queens County,12/21/2019,05:15 PM,05 PM
QL19009787,40.7225,-73.80099,11432,M,12/21/2019 05:32 PM,1265,1000,Queens County,12/21/2019,05:32 PM,05 PM
QL19009788,40.73466,-73.71296,11001,P,12/21/2019 06:26 PM,1571.01,7012,Queens County,12/21/2019,06:26 PM,06 PM
WL19015277,41.05008,-73.81976,10523,M,12/21/2019 12:00 PM,112,1018,Westchester County,12/21/2019,12:00 PM,12 PM
WL19015286,41.29717,-73.89402,10566,P,12/21/2019 01:26 PM,144,3000,Westchester County,12/21/2019,01:26 PM,01 PM
WL19015295,40.93457,-73.89128,10701,P,12/21/2019 06:00 PM,11.01,2004,Westchester County,12/21/2019,06:00 PM,06 PM
WL19015300,40.92993,-73.80587,10708,M,12/21/2019 07:18 PM,52,1010,Westchester County,12/21/2019,07:18 PM,07 PM
WL19015303,41.15476,-73.85102,10510,M,12/21/2019 09:38 PM,132.02,2014,Westchester County,12/21/2019,09:38 PM,09 PM
WL19015308,41.29717,-73.89402,10566,P,12/22/2019 01:19 AM,144,3000,Westchester County,12/22/2019,01:19 AM,01 AM
XL19016545,40.88585,-73.85691,10466,P,12/21/2019 10:26 AM,406,1004,Bronx County,12/21/2019,10:26 AM,10 AM
XL19016547,40.81352,-73.88479,10474,M,12/21/2019 11:05 AM,93.01,5003,Bronx County,12/21/2019,11:05 AM,11 AM
XL19016563,40.82995,-73.86026,10472,P,12/21/2019 05:45 PM,72,1003,Bronx County,12/21/2019,05:45 PM,05 PM
XL19016569,40.82996,-73.86015,10472,P,12/21/2019 09:35 PM,40.01,1000,Bronx County,12/21/2019,09:35 PM,09 PM
ML19020049,40.86695,-73.92333,10034,M,12/22/2019 08:39 AM,295,3001,New York County,12/22/2019,08:39 AM,08 AM
QL19009803,40.72309,-73.80091,11366,P,12/22/2019 01:04 PM,1241,2007,Queens County,12/22/2019,01:04 PM,01 PM
QL19009812,40.75937,-73.79054,11358,M,12/22/2019 04:43 PM,1175,4007,Queens County,12/22/2019,04:43 PM,04 PM
WL19015310,40.92764,-73.74636,10538,M,12/22/2019 08:10 AM,71,1005,Westchester County,12/22/2019,08:10 AM,08 AM
WL19015314,41.20985,-73.88973,10520,P,12/22/2019 10:00 AM,139,4000,Westchester County,12/22/2019,10:00 AM,10 AM
WL19015323,40.95307,-73.71326,10580,M,12/22/2019 12:47 PM,75,3023,Westchester County,12/22/2019,12:47 PM,12 PM
WL19015334,40.94601,-73.88723,10703,M,12/22/2019 08:10 PM,6.01,2001,Westchester County,12/22/2019,08:10 PM,08 PM
WL19015336,40.96556,-73.86969,10710,P,12/22/2019 09:11 PM,19,1007,Westchester County,12/22/2019,09:11 PM,09 PM
ML19020087,40.78297,-73.9553,10128,P,12/23/2019 09:18 AM,150.02,1000,New York County,12/23/2019,09:18 AM,09 AM
ML19020098,40.79092,-73.93913,10029,P,12/23/2019 11:16 AM,170,5000,New York County,12/23/2019,11:16 AM,11 AM
ML19020114,40.7179,-74.00624,10013,M,12/23/2019 03:38 PM,33,2007,New York County,12/23/2019,03:38 PM,03 PM
ML19020123,40.74294,-73.99085,10010,P,12/23/2019 05:47 PM,58,1007,New York County,12/23/2019,05:47 PM,05 PM
ML19020132,40.72094,-73.9888,10002,M,12/23/2019 10:43 PM,30.01,2002,New York County,12/23/2019,10:43 PM,10 PM
QL19009826,40.73093,-73.8005,11365,P,12/23/2019 10:57 AM,1241,1002,Queens County,12/23/2019,10:57 AM,10 AM
QL19009828,40.73061,-73.79381,11365,P,12/23/2019 11:18 AM,1247,2009,Queens County,12/23/2019,11:18 AM,11 AM
QL19009836,40.73093,-73.8005,11365,P,12/23/2019 12:44 PM,1241,1002,Queens County,12/23/2019,12:44 PM,12 PM
QL19009838,40.77363,-73.77766,11360,P,12/23/2019 01:13 PM,1093,3006,Queens County,12/23/2019,01:13 PM,01 PM
WL19015344,40.92458,-73.76834,10801,M,12/23/2019 10:00 AM,59.02,2002,Westchester County,12/23/2019,10:00 AM,10 AM
XL19016627,40.82925,-73.85994,10472,P,12/23/2019 08:02 AM,72,1002,Bronx County,12/23/2019,08:02 AM,08 AM
XL19016628,40.90218,-73.84161,10466,M,12/23/2019 08:10 AM,444,4001,Bronx County,12/23/2019,08:10 AM,08 AM
XL19016665,40.87471,-73.90357,10463,M,12/23/2019 02:55 PM,273,1003,Bronx County,12/23/2019,02:55 PM,02 PM
ML19020148,40.70577,-74.00697,10005,P,12/24/2019 12:11 PM,7,1005,New York County,12/24/2019,12:11 PM,12 PM
QL19009871,40.74568,-73.78291,11365,P,12/24/2019 11:39 PM,1409.02,1000,Queens County,12/24/2019,11:39 PM,11 PM
QL19009872,40.74573,-73.78275,11365,P,12/24/2019 11:40 PM,1409.02,1000,Queens County,12/24/2019,11:40 PM,11 PM
WL19015392,40.99819,-73.7703,10583,M,12/24/2019 09:57 AM,99,2001,Westchester County,12/24/2019,09:57 AM,09 AM
WL19015395,40.94234,-73.75574,10538,M,12/24/2019 10:52 AM,69,3036,Westchester County,12/24/2019,10:52 AM,10 AM
WL19015398,40.9794,-73.78166,10583,M,12/24/2019 12:15 PM,68.01,2010,Westchester County,12/24/2019,12:15 PM,12 PM
WL19015501,40.93668,-73.86166,10701,M,12/24/2019 07:58 PM,23,2012,Westchester County,12/24/2019,07:58 PM,07 PM
WL19015515,40.94911,-73.86961,10701,M,12/24/2019 10:03 PM,17.01,6009,Westchester County,12/24/2019,10:03 PM,10 PM
WL19015519,40.94575,-73.87139,10701,P,12/24/2019 10:55 PM,17.01,3003,Westchester County,12/24/2019,10:55 PM,10 PM
WL19015544,40.96477,-73.86976,10710,P,12/25/2019 03:09 AM,19,1007,Westchester County,12/25/2019,03:09 AM,03 AM
ML19020183,40.73556,-73.98659,10003,M,12/25/2019 01:32 PM,50,5000,New York County,12/25/2019,01:32 PM,01 PM
ML19020196,40.71008,-74.00744,10038,P,12/25/2019 08:40 PM,15.01,1015,New York County,12/25/2019,08:40 PM,08 PM
QL19009882,40.75092,-73.79044,11358,M,12/25/2019 10:03 PM,1459,3002,Queens County,12/25/2019,10:03 PM,10 PM
WL19015548,40.99819,-73.7703,10583,M,12/25/2019 10:11 AM,99,2001,Westchester County,12/25/2019,10:11 AM,10 AM
WL19015557,40.98407,-73.69631,10580,M,12/25/2019 02:55 PM,77,3005,Westchester County,12/25/2019,02:55 PM,02 PM
WL19015568,40.97638,-73.78998,10583,P,12/25/2019 11:41 PM,68.01,4011,Westchester County,12/25/2019,11:41 PM,11 PM
ML19020218,40.83728,-73.94008,10032,M,12/26/2019 01:41 PM,245,1001,New York County,12/26/2019,01:41 PM,01 PM
ML19020240,40.74325,-73.99158,10010,P,12/27/2019 12:38 AM,58,1007,New York County,12/27/2019,12:38 AM,12 AM
QL19009894,40.75822,-73.94117,11101,M,12/26/2019 10:07 AM,85,2002,Queens County,12/26/2019,10:07 AM,10 AM
QL19009909,40.76764,-73.78624,11361,M,12/26/2019 03:43 PM,1099,1006,Queens County,12/26/2019,03:43 PM,03 PM
QL19009910,40.7376,-73.71534,11426,M,12/26/2019 04:49 PM,1571.01,6007,Queens County,12/26/2019,04:49 PM,04 PM
WL19015573,40.96256,-73.80404,10709,M,12/26/2019 07:37 AM,50.02,3013,Westchester County,12/26/2019,07:37 AM,07 AM
WL19015585,41.03575,-73.86528,10533,M,12/26/2019 12:57 PM,113,4015,Westchester County,12/26/2019,12:57 PM,12 PM
WL19015590,41.04802,-73.81022,10523,M,12/26/2019 02:16 PM,112,2040,Westchester County,12/26/2019,02:16 PM,02 PM
WL19015603,40.9093,-73.78028,10801,M,12/26/2019 05:34 PM,59.01,3002,Westchester County,12/26/2019,05:34 PM,05 PM
WL19015614,40.94845,-73.77245,10804,M,12/26/2019 10:09 PM,67,1008,Westchester County,12/26/2019,10:09 PM,10 PM
XL19016755,40.90346,-73.8549,10470,P,12/26/2019 09:46 AM,414,4013,Bronx County,12/26/2019,09:46 AM,09 AM
XL19016794,40.81735,-73.91971,10451,M,12/26/2019 07:05 PM,65,3000,Bronx County,12/26/2019,07:05 PM,07 PM
QL19009948,40.74169,-73.81303,11355,M,12/27/2019 04:35 PM,1215,2007,Queens County,12/27/2019,04:35 PM,04 PM
WL19015619,40.90573,-73.83176,10550,M,12/27/2019 07:49 AM,32,2004,Westchester County,12/27/2019,07:49 AM,07 AM
WL19015620,41.04152,-73.86186,10533,M,12/27/2019 07:49 AM,113,1007,Westchester County,12/27/2019,07:49 AM,07 AM
WL19015625,41.04198,-73.86012,10533,M,12/27/2019 10:00 AM,113,1007,Westchester County,12/27/2019,10:00 AM,10 AM
WL19015634,40.98282,-73.83731,10710,P,12/27/2019 11:06 AM,21.01,2004,Westchester County,12/27/2019,11:06 AM,11 AM
WL19015639,41.15513,-73.85579,10510,M,12/27/2019 11:40 AM,132.02,2012,Westchester County,12/27/2019,11:40 AM,11 AM
WL19015647,40.91104,-73.86406,10704,M,12/27/2019 12:14 PM,15.04,4006,Westchester County,12/27/2019,12:14 PM,12 PM
WL19015653,40.9359,-73.8564,10704,P,12/27/2019 01:25 PM,23,2026,Westchester County,12/27/2019,01:25 PM,01 PM
WL19015658,40.99213,-73.66738,10573,P,12/27/2019 02:23 PM,78,3003,Westchester County,12/27/2019,02:23 PM,02 PM
WL19015671,41.05217,-73.81356,10523,P,12/27/2019 06:57 PM,112,3025,Westchester County,12/27/2019,06:57 PM,06 PM
WL19015673,40.92972,-73.82431,10552,M,12/27/2019 07:20 PM,151,2013,Westchester County,12/27/2019,07:20 PM,07 PM
WL19015677,40.95094,-73.69116,10580,M,12/27/2019 09:26 PM,76,2005,Westchester County,12/27/2019,09:26 PM,09 PM
WL19015680,40.91975,-73.7705,10801,P,12/28/2019 12:36 AM,59.02,2017,Westchester County,12/28/2019,12:36 AM,12 AM
QL19009955,40.74737,-73.71608,11004,M,12/28/2019 08:43 AM,1551.04,4003,Queens County,12/28/2019,08:43 AM,08 AM
QL19009959,40.75725,-73.81047,11355,P,12/28/2019 12:49 PM,1189,1007,Queens County,12/28/2019,12:49 PM,12 PM
QL19009964,40.74219,-73.93408,11101,P,12/28/2019 08:46 PM,199.01,1004,Queens County,12/28/2019,08:46 PM,08 PM
WL19015684,40.89718,-73.80397,10803,M,12/28/2019 05:30 AM,55,1017,Westchester County,12/28/2019,05:30 AM,05 AM
WL19015695,41.04658,-73.86079,10533,M,12/28/2019 12:28 PM,113,1013,Westchester County,12/28/2019,12:28 PM,12 PM
WL19015703,40.99519,-73.75809,10583,M,12/28/2019 04:47 PM,98,2000,Westchester County,12/28/2019,04:47 PM,04 PM
WL19015709,40.91945,-73.8085,10803,M,12/28/2019 06:28 PM,53,2002,Westchester County,12/28/2019,06:28 PM,06 PM
WL19015717,40.9467,-73.89187,10703,M,12/29/2019 12:37 AM,6.02,4001,Westchester County,12/29/2019,12:37 AM,12 AM
ML19020315,40.78967,-73.96985,10024,P,12/29/2019 07:22 AM,177,6000,New York County,12/29/2019,07:22 AM,07 AM
ML19020324,40.71693,-73.9987,10013,M,12/29/2019 02:43 PM,29.02,2001,New York County,12/29/2019,02:43 PM,02 PM
ML19020325,40.78844,-73.94906,10029,M,12/29/2019 02:46 PM,166,6000,New York County,12/29/2019,02:46 PM,02 PM
WL19015725,40.99255,-73.76091,10583,P,12/29/2019 11:20 AM,98,2026,Westchester County,12/29/2019,11:20 AM,11 AM
WL19015733,41.02727,-73.80238,10530,M,12/29/2019 05:18 PM,108.03,2013,Westchester County,12/29/2019,05:18 PM,05 PM
XL19016894,40.88973,-73.83673,10466,P,12/29/2019 09:08 PM,426,3000,Bronx County,12/29/2019,09:08 PM,09 PM
QL19010003,40.71964,-73.82554,11367,P,12/30/2019 06:16 PM,779.03,3002,Queens County,12/30/2019,06:16 PM,06 PM
XL19016915,40.8747,-73.90357,10463,P,12/30/2019 12:50 PM,273,1003,Bronx County,12/30/2019,12:50 PM,12 PM
ML19020412,40.74907,-73.98603,10016,M,12/31/2019 01:21 PM,76,1000,New York County,12/31/2019,01:21 PM,01 PM
QL19010031,40.74565,-73.92484,11104,P,12/31/2019 04:58 PM,181.01,2001,Queens County,12/31/2019,04:58 PM,04 PM
WL19015783,41.07626,-73.85834,10591,M,12/31/2019 09:47 AM,115,1022,Westchester County,12/31/2019,09:47 AM,09 AM
WL19015786,40.94443,-73.77646,10804,M,12/31/2019 10:08 AM,67,1016,Westchester County,12/31/2019,10:08 AM,10 AM
WL19015788,41.15513,-73.85579,10510,M,12/31/2019 10:30 AM,132.02,2012,Westchester County,12/31/2019,10:30 AM,10 AM
WL19015790,40.92179,-73.88809,10705,P,12/31/2019 11:02 AM,13.01,2013,Westchester County,12/31/2019,11:02 AM,11 AM
WL19015791,41.13282,-73.86576,10510,M,12/31/2019 11:38 AM,132.01,2052,Westchester County,12/31/2019,11:38 AM,11 AM
WL19015796,41.04802,-73.81022,10523,M,12/31/2019 12:29 PM,112,2040,Westchester County,12/31/2019,12:29 PM,12 PM
WL19015799,40.92168,-73.75433,10538,M,12/31/2019 01:02 PM,71,3014,Westchester County,12/31/2019,01:02 PM,01 PM
WL19015805,41.06688,-73.85541,10591,M,12/31/2019 03:56 PM,114.01,2004,Westchester County,12/31/2019,03:56 PM,03 PM
ML20000025,40.72011,-74.00288,10013,P,01/01/2020 08:32 PM,47,2014,New York County,01/01/2020,08:32 PM,08 PM
WL20000016,41.03897,-73.81011,10607,P,01/01/2020 06:26 PM,109.03,4041,Westchester County,01/01/2020,06:26 PM,06 PM
XL20000023,40.81011,-73.92359,10454,M,01/01/2020 08:23 PM,39,2001,Bronx County,01/01/2020,08:23 PM,08 PM
ML20000034,40.76144,-73.95772,10065,P,01/02/2020 07:47 AM,106.02,1000,New York County,01/02/2020,07:47 AM,07 AM
ML20000048,40.70831,-74.00967,10005,P,01/02/2020 11:03 AM,7,1000,New York County,01/02/2020,11:03 AM,11 AM
ML20000070,40.76522,-73.98917,10019,M,01/02/2020 06:42 PM,133,4001,New York County,01/02/2020,06:42 PM,06 PM
QL20000009,40.77278,-73.77558,11361,P,01/02/2020 09:09 AM,1093,3007,Queens County,01/02/2020,09:09 AM,09 AM
QL20000027,40.73859,-73.79726,11365,M,01/02/2020 12:11 PM,1215,1000,Queens County,01/02/2020,12:11 PM,12 PM
QL20000034,40.77709,-73.751,11363,M,01/02/2020 02:36 PM,1483,3017,Queens County,01/02/2020,02:36 PM,02 PM
QL20000035,40.78146,-73.91561,11105,M,01/02/2020 02:37 PM,103,2001,Queens County,01/02/2020,02:37 PM,02 PM
QL20000039,40.71501,-73.80911,11432,P,01/02/2020 06:48 PM,230,1001,Queens County,01/02/2020,06:48 PM,06 PM
WL19014605,40.95903,-73.72984,10543,M,12/06/2019 10:47 AM,74.01,3000,Westchester County,12/06/2019,10:47 AM,10 AM
WL20000024,40.91497,-73.87732,10705,P,01/02/2020 07:49 AM,14.02,2004,Westchester County,01/02/2020,07:49 AM,07 AM
WL20000025,41.06844,-73.79631,10603,M,01/02/2020 08:10 AM,109.01,1017,Westchester County,01/02/2020,08:10 AM,08 AM
WL20000027,40.94163,-73.79154,10804,P,01/02/2020 09:20 AM,67,3010,Westchester County,01/02/2020,09:20 AM,09 AM
WL20000029,41.27285,-73.93081,10566,M,01/02/2020 09:40 AM,141,3018,Westchester County,01/02/2020,09:40 AM,09 AM
WL20000030,40.97406,-73.77287,10583,M,01/02/2020 09:42 AM,98,4012,Westchester County,01/02/2020,09:42 AM,09 AM
WL20000034,40.94288,-73.84153,10708,P,01/02/2020 10:19 AM,22.02,4027,Westchester County,01/02/2020,10:19 AM,10 AM
WL20000038,41.32512,-73.88268,10567,M,01/02/2020 11:03 AM,147.03,2011,Westchester County,01/02/2020,11:03 AM,11 AM
WL20000039,40.96557,-73.71643,10528,M,01/02/2020 11:04 AM,84.04,5008,Westchester County,01/02/2020,11:04 AM,11 AM
WL20000042,40.99334,-73.67689,10573,M,01/02/2020 11:50 AM,79.01,2012,Westchester County,01/02/2020,11:50 AM,11 AM
WL20000051,41.28403,-73.93056,10566,P,01/02/2020 02:26 PM,141,4003,Westchester County,01/02/2020,02:26 PM,02 PM
WL20000058,41.13895,-73.77188,10570,M,01/02/2020 04:39 PM,121.01,2019,Westchester County,01/02/2020,04:39 PM,04 PM
WL20000064,41.01403,-73.6601,10573,M,01/02/2020 06:09 PM,81,1006,Westchester County,01/02/2020,06:09 PM,06 PM
WL20000067,40.89483,-73.7799,10805,M,01/02/2020 08:40 PM,57.04,2002,Westchester County,01/02/2020,08:40 PM,08 PM
XL20000035,40.87804,-73.83322,10475,P,01/02/2020 09:53 AM,462.07,3005,Bronx County,01/02/2020,09:53 AM,09 AM
XL20000038,40.86988,-73.90088,10468,P,01/02/2020 10:21 AM,267.01,1001,Bronx County,01/02/2020,10:21 AM,10 AM
XL20000060,40.85036,-73.78473,10464,P,01/02/2020 02:36 PM,516.01,1016,Bronx County,01/02/2020,02:36 PM,02 PM
XL20000080,40.84806,-73.78439,10464,P,01/02/2020 08:58 PM,516.01,3004,Bronx County,01/02/2020,08:58 PM,08 PM
ML20000086,40.77867,-73.97964,10023,P,01/03/2020 07:27 AM,157,5000,New York County,01/03/2020,07:27 AM,07 AM
ML20000098,40.76302,-73.99364,10036,P,01/03/2020 09:51 AM,129.02,1008,New York County,01/03/2020,09:51 AM,09 AM
ML20000104,40.72358,-73.99272,10002,P,01/03/2020 11:40 AM,36.01,3001,New York County,01/03/2020,11:40 AM,11 AM
ML20000109,40.79508,-73.96221,10025,M,01/03/2020 12:46 PM,189,2001,New York County,01/03/2020,12:46 PM,12 PM
ML20000120,40.70831,-74.00967,10005,P,01/03/2020 01:57 PM,7,1000,New York County,01/03/2020,01:57 PM,01 PM
ML20000126,40.73986,-73.97775,10016,P,01/03/2020 04:00 PM,66,8002,New York County,01/03/2020,04:00 PM,04 PM
WL20000077,41.17669,-73.8444,10562,M,01/03/2020 09:22 AM,135,1007,Westchester County,01/03/2020,09:22 AM,09 AM
WL20000085,41.2931,-73.85318,10547,M,01/03/2020 10:25 AM,148.05,1023,Westchester County,01/03/2020,10:25 AM,10 AM
WL20000092,40.91572,-73.85657,10704,M,01/03/2020 11:53 AM,24.03,4025,Westchester County,01/03/2020,11:53 AM,11 AM
WL20000094,41.2926,-73.89829,10566,M,01/03/2020 12:39 PM,145,1004,Westchester County,01/03/2020,12:39 PM,12 PM
WL20000097,40.96537,-73.73233,10543,P,01/03/2020 01:06 PM,73,2000,Westchester County,01/03/2020,01:06 PM,01 PM
WL20000108,41.15513,-73.85579,10510,M,01/03/2020 02:33 PM,132.02,2012,Westchester County,01/03/2020,02:33 PM,02 PM
WL20000109,41.02672,-73.68675,10573,M,01/03/2020 02:37 PM,83.02,2004,Westchester County,01/03/2020,02:37 PM,02 PM
WL20000115,41.06688,-73.85541,10591,P,01/03/2020 03:52 PM,114.01,2004,Westchester County,01/03/2020,03:52 PM,03 PM
WL20000118,41.02642,-73.68668,10573,P,01/03/2020 04:25 PM,83.02,2004,Westchester County,01/03/2020,04:25 PM,04 PM
WL20000125,40.96554,-73.7324,10543,M,01/03/2020 08:06 PM,73,2000,Westchester County,01/03/2020,08:06 PM,08 PM
WL20000127,41.03098,-73.68456,10573,M,01/03/2020 09:47 PM,83.02,3031,Westchester County,01/03/2020,09:47 PM,09 PM
XL20000091,40.83915,-73.86736,10460,M,01/03/2020 08:37 AM,218,3000,Bronx County,01/03/2020,08:37 AM,08 AM
XL20000126,40.82446,-73.8896,10459,P,01/03/2020 03:38 PM,119,3000,Bronx County,01/03/2020,03:38 PM,03 PM
WL20000082,40.96739,-73.78774,10804,M,01/03/2020 10:01 AM,68.01,3015,Westchester County,01/03/2020,10:01 AM,10 AM
ML20000162,40.77203,-73.95602,10075,P,01/04/2020 12:58 PM,134,1000,New York County,01/04/2020,12:58 PM,12 PM
ML20000174,40.78086,-73.9588,10028,P,01/04/2020 03:41 PM,150.02,2001,New York County,01/04/2020,03:41 PM,03 PM
ML20000176,40.75746,-73.97168,10022,P,01/04/2020 03:59 PM,100,1004,New York County,01/04/2020,03:59 PM,03 PM
ML20000184,40.75341,-73.99632,10001,M,01/04/2020 06:11 PM,111,2005,New York County,01/04/2020,06:11 PM,06 PM
ML20000195,40.71174,-74.00029,10038,P,01/04/2020 10:57 PM,27,1005,New York County,01/04/2020,10:57 PM,10 PM
QL20000074,40.76957,-73.80557,11358,P,01/04/2020 08:07 AM,1151,1001,Queens County,01/04/2020,08:07 AM,08 AM
QL20000075,40.76761,-73.76608,11361,P,01/04/2020 09:13 AM,1113,3007,Queens County,01/04/2020,09:13 AM,09 AM
QL20000084,40.75937,-73.79054,11358,M,01/04/2020 12:22 PM,1175,4007,Queens County,01/04/2020,12:22 PM,12 PM
QL20000086,40.74584,-73.71737,11004,P,01/04/2020 02:00 PM,1551.04,4005,Queens County,01/04/2020,02:00 PM,02 PM
QL20000094,40.75937,-73.79054,11358,M,01/04/2020 06:37 PM,1175,4007,Queens County,01/04/2020,06:37 PM,06 PM
WL20000133,41.33703,-73.78707,10535,M,01/04/2020 07:51 AM,148.06,5015,Westchester County,01/04/2020,07:51 AM,07 AM
WL20000134,40.91813,-73.90502,10705,P,01/04/2020 08:53 AM,2.02,3005,Westchester County,01/04/2020,08:53 AM,08 AM
WL20000135,40.94758,-73.76659,10538,P,01/04/2020 09:41 AM,70,4001,Westchester County,01/04/2020,09:41 AM,09 AM
WL20000136,41.17144,-73.77769,10514,P,01/04/2020 10:33 AM,131.04,2006,Westchester County,01/04/2020,10:33 AM,10 AM
WL20000139,41.19661,-73.72182,10549,M,01/04/2020 11:04 AM,130,3012,Westchester County,01/04/2020,11:04 AM,11 AM
WL20000146,40.95704,-73.82185,10707,M,01/04/2020 12:03 PM,48.02,5006,Westchester County,01/04/2020,12:03 PM,12 PM
WL20000149,40.938,-73.76146,10538,P,01/04/2020 12:16 PM,70,3015,Westchester County,01/04/2020,12:16 PM,12 PM
XL20000156,40.88983,-73.84283,10466,P,01/04/2020 09:39 AM,426,1003,Bronx County,01/04/2020,09:39 AM,09 AM
XL20000158,40.88496,-73.83033,10466,M,01/04/2020 11:05 AM,462.09,1008,Bronx County,01/04/2020,11:05 AM,11 AM
ML20000206,40.86665,-73.92415,10034,P,01/05/2020 10:09 AM,295,3001,New York County,01/05/2020,10:09 AM,10 AM
WL20000171,40.95568,-73.81611,10709,P,01/05/2020 11:38 AM,51,1007,Westchester County,01/05/2020,11:38 AM,11 AM
WL20000172,40.96344,-73.77793,10804,M,01/05/2020 11:51 AM,68.02,2015,Westchester County,01/05/2020,11:51 AM,11 AM
WL20000185,41.08629,-73.86259,10591,M,01/05/2020 09:30 PM,116.02,3007,Westchester County,01/05/2020,09:30 PM,09 PM
WL20000189,41.21456,-73.90056,10520,M,01/06/2020 02:03 AM,139,4000,Westchester County,01/06/2020,02:03 AM,02 AM
XL20000199,40.86468,-73.8996,10468,P,01/05/2020 11:53 AM,265,4001,Bronx County,01/05/2020,11:53 AM,11 AM
ML19012935,40.74192,-73.99725,10011,P,08/27/2019 12:38 PM,87,2000,New York County,08/27/2019,12:38 PM,12 PM
ML20000241,40.78879,-73.97358,10024,P,01/06/2020 09:04 AM,173,3001,New York County,01/06/2020,09:04 AM,09 AM
ML20000253,40.8243,-73.94746,10031,P,01/06/2020 12:08 PM,227,1000,New York County,01/06/2020,12:08 PM,12 PM
ML20000255,40.71262,-73.99041,10002,P,01/06/2020 01:32 PM,6,1002,New York County,01/06/2020,01:32 PM,01 PM
ML20000263,40.72277,-73.97672,10009,P,01/06/2020 03:34 PM,26.02,1002,New York County,01/06/2020,03:34 PM,03 PM
ML20000266,40.79277,-73.97133,10025,P,01/06/2020 04:28 PM,183,7001,New York County,01/06/2020,04:28 PM,04 PM
ML20000274,40.71841,-73.99118,10002,P,01/06/2020 07:43 PM,18,6000,New York County,01/06/2020,07:43 PM,07 PM
QL20000119,40.7355,-73.79749,11365,P,01/06/2020 09:57 AM,1223,2003,Queens County,01/06/2020,09:57 AM,09 AM
QL20000120,40.70184,-73.75249,11412,M,01/06/2020 10:12 AM,518,2001,Queens County,01/06/2020,10:12 AM,10 AM
WL20000192,41.26101,-73.91843,10567,M,01/06/2020 08:32 AM,146.06,1011,Westchester County,01/06/2020,08:32 AM,08 AM
WL20000195,41.13997,-73.77855,10570,M,01/06/2020 09:17 AM,122.01,4006,Westchester County,01/06/2020,09:17 AM,09 AM
WL20000196,41.14289,-73.68193,10504,M,01/06/2020 09:28 AM,123.04,1012,Westchester County,01/06/2020,09:28 AM,09 AM
WL20000197,40.91974,-73.80836,10803,M,01/06/2020 09:31 AM,53,1012,Westchester County,01/06/2020,09:31 AM,09 AM
WL20000205,40.91314,-73.90096,10705,M,01/06/2020 10:19 AM,2.03,2008,Westchester County,01/06/2020,10:19 AM,10 AM
WL20000206,41.1898,-73.87133,10562,P,01/06/2020 10:41 AM,137,1000,Westchester County,01/06/2020,10:41 AM,10 AM
WL20000208,40.96522,-73.73226,10543,P,01/06/2020 11:04 AM,73,2000,Westchester County,01/06/2020,11:04 AM,11 AM
WL20000209,41.15001,-73.66764,10504,M,01/06/2020 11:35 AM,123.04,1002,Westchester County,01/06/2020,11:35 AM,11 AM
WL20000211,41.07465,-73.77472,10595,P,01/06/2020 11:49 AM,119.02,2034,Westchester County,01/06/2020,11:49 AM,11 AM
WL20000217,41.18998,-73.86916,10562,P,01/06/2020 12:54 PM,137,1011,Westchester County,01/06/2020,12:54 PM,12 PM
WL20000219,41.1325,-73.79411,10570,M,01/06/2020 01:04 PM,122.02,5028,Westchester County,01/06/2020,01:04 PM,01 PM
WL20000221,41.28607,-73.92334,10566,M,01/06/2020 01:23 PM,141,1012,Westchester County,01/06/2020,01:23 PM,01 PM
WL20000226,40.96351,-73.80215,10709,M,01/06/2020 02:15 PM,50.02,3013,Westchester County,01/06/2020,02:15 PM,02 PM
WL20000229,41.08779,-73.86187,10591,M,01/06/2020 02:58 PM,116.02,3000,Westchester County,01/06/2020,02:58 PM,02 PM
WL20000230,40.92319,-73.76329,10538,P,01/06/2020 03:11 PM,71,2021,Westchester County,01/06/2020,03:11 PM,03 PM
WL20000231,41.07662,-73.77695,10595,P,01/06/2020 03:42 PM,119.02,2016,Westchester County,01/06/2020,03:42 PM,03 PM
WL20000232,41.20668,-73.8929,10520,M,01/06/2020 03:44 PM,139,3007,Westchester County,01/06/2020,03:44 PM,03 PM
WL20000233,41.21449,-73.90148,10520,M,01/06/2020 04:11 PM,139,4000,Westchester County,01/06/2020,04:11 PM,04 PM
WL20000234,40.98962,-73.72138,10528,M,01/06/2020 06:45 PM,85,1030,Westchester County,01/06/2020,06:45 PM,06 PM
XL20000264,40.83082,-73.8172,10465,P,01/06/2020 03:23 PM,160,1009,Bronx County,01/06/2020,03:23 PM,03 PM
ML20000283,40.72939,-74.00102,10012,P,01/07/2020 06:52 AM,65,3001,New York County,01/07/2020,06:52 AM,06 AM
ML20000308,40.71393,-73.99181,10002,M,01/07/2020 02:43 PM,6,1000,New York County,01/07/2020,02:43 PM,02 PM
ML20000312,40.81058,-73.96217,10027,M,01/07/2020 02:56 PM,205,1007,New York County,01/07/2020,02:56 PM,02 PM
ML20000318,40.71684,-74.002,10013,P,01/07/2020 04:31 PM,31,1007,New York County,01/07/2020,04:31 PM,04 PM
ML20000332,40.76657,-73.99042,10019,M,01/07/2020 09:38 PM,135.01,2003,New York County,01/07/2020,09:38 PM,09 PM
QL20000159,40.75741,-73.94517,11101,M,01/07/2020 09:07 AM,85,2005,Queens County,01/07/2020,09:07 AM,09 AM
QL20000161,40.71546,-73.83234,11375,P,01/07/2020 09:29 AM,757.01,3002,Queens County,01/07/2020,09:29 AM,09 AM
QL20000163,40.76649,-73.83341,11354,P,01/07/2020 10:13 AM,869,2021,Queens County,01/07/2020,10:13 AM,10 AM
QL20000166,40.75447,-73.76469,11364,M,01/07/2020 10:19 AM,1441,4002,Queens County,01/07/2020,10:19 AM,10 AM
QL20000178,40.75377,-73.91858,11101,P,01/07/2020 11:34 AM,159,3001,Queens County,01/07/2020,11:34 AM,11 AM
QL20000186,40.76097,-73.76438,11361,M,01/07/2020 01:27 PM,1471,2004,Queens County,01/07/2020,01:27 PM,01 PM
QL20000196,40.64463,-73.77737,11430,P,01/07/2020 04:56 PM,716,1051,Queens County,01/07/2020,04:56 PM,04 PM
WL20000256,41.12061,-73.70906,10504,P,01/07/2020 08:35 AM,123.03,3036,Westchester County,01/07/2020,08:35 AM,08 AM
WL20000257,41.18135,-73.85912,10562,P,01/07/2020 08:47 AM,137,1039,Westchester County,01/07/2020,08:47 AM,08 AM
WL20000260,41.04609,-73.81998,10607,P,01/07/2020 09:38 AM,111.01,3001,Westchester County,01/07/2020,09:38 AM,09 AM
WL20000262,40.99319,-73.78588,10583,M,01/07/2020 09:44 AM,99,3006,Westchester County,01/07/2020,09:44 AM,09 AM
WL20000263,40.89268,-73.81401,10803,P,01/07/2020 09:46 AM,55,4007,Westchester County,01/07/2020,09:46 AM,09 AM
WL20000264,40.99319,-73.78588,10583,M,01/07/2020 09:46 AM,99,3006,Westchester County,01/07/2020,09:46 AM,09 AM
WL20000265,40.945,-73.87767,10701,P,01/07/2020 09:56 AM,16,4009,Westchester County,01/07/2020,09:56 AM,09 AM
WL20000266,41.12051,-73.76932,10594,M,01/07/2020 10:02 AM,121.02,3024,Westchester County,01/07/2020,10:02 AM,10 AM
WL20000268,40.92716,-73.79278,10801,M,01/07/2020 10:21 AM,66,3004,Westchester County,01/07/2020,10:21 AM,10 AM
WL20000275,41.0902,-73.81182,10532,M,01/07/2020 11:35 AM,9810,1016,Westchester County,01/07/2020,11:35 AM,11 AM
WL20000276,41.29494,-73.91543,10566,M,01/07/2020 11:40 AM,144,2008,Westchester County,01/07/2020,11:40 AM,11 AM
WL20000285,41.03712,-73.85972,10533,P,01/07/2020 01:48 PM,113,1021,Westchester County,01/07/2020,01:48 PM,01 PM
WL20000298,41.00582,-73.73206,10605,M,01/07/2020 06:12 PM,97.03,3002,Westchester County,01/07/2020,06:12 PM,06 PM
XL20000296,40.8232,-73.80872,10465,M,01/07/2020 11:55 AM,138,1024,Bronx County,01/07/2020,11:55 AM,11 AM
XL20000297,40.85471,-73.89513,10457,P,01/07/2020 12:13 PM,385,4003,Bronx County,01/07/2020,12:13 PM,12 PM
XL20000298,40.85779,-73.90676,10453,P,01/07/2020 12:24 PM,251,5001,Bronx County,01/07/2020,12:24 PM,12 PM
XL20000322,40.84438,-73.83463,10461,P,01/07/2020 05:53 PM,266.02,3003,Bronx County,01/07/2020,05:53 PM,05 PM
ML20000340,40.72012,-73.99923,10013,P,01/08/2020 08:27 AM,45,1009,New York County,01/08/2020,08:27 AM,08 AM
ML20000357,40.73754,-74.0057,10014,M,01/08/2020 11:16 AM,79,4006,New York County,01/08/2020,11:16 AM,11 AM
ML20000372,40.70765,-74.0031,11201,M,01/08/2020 03:15 PM,15.01,3009,New York County,01/08/2020,03:15 PM,03 PM
ML20000377,40.7809,-73.95485,10128,P,01/08/2020 04:35 PM,148.02,3000,New York County,01/08/2020,04:35 PM,04 PM
ML20000385,40.75752,-73.97584,10022,M,01/08/2020 06:48 PM,102,1012,New York County,01/08/2020,06:48 PM,06 PM
QL20000204,40.76973,-73.83034,11354,M,01/08/2020 08:56 AM,889.02,5000,Queens County,01/08/2020,08:56 AM,08 AM
QL20000208,40.76598,-73.77224,11361,M,01/08/2020 09:30 AM,1123,1009,Queens County,01/08/2020,09:30 AM,09 AM
QL20000213,40.73941,-73.92799,11101,P,01/08/2020 10:55 AM,189,2006,Queens County,01/08/2020,10:55 AM,10 AM
QL20000222,40.7533,-73.93403,11101,P,01/08/2020 01:15 PM,31,2000,Queens County,01/08/2020,01:15 PM,01 PM
WL20000306,41.20529,-73.87842,10520,M,01/08/2020 08:04 AM,138,1008,Westchester County,01/08/2020,08:04 AM,08 AM
WL20000308,41.21173,-73.87863,10520,M,01/08/2020 08:46 AM,139,1005,Westchester County,01/08/2020,08:46 AM,08 AM
WL20000311,41.19756,-73.88017,10520,M,01/08/2020 09:23 AM,138,3017,Westchester County,01/08/2020,09:23 AM,09 AM
WL20000313,40.96206,-73.72585,10543,P,01/08/2020 09:54 AM,74.01,1004,Westchester County,01/08/2020,09:54 AM,09 AM
WL20000314,41.14543,-73.67579,10504,M,01/08/2020 09:58 AM,123.04,1013,Westchester County,01/08/2020,09:58 AM,09 AM
WL20000317,41.21064,-73.87979,10520,M,01/08/2020 10:12 AM,138,1002,Westchester County,01/08/2020,10:12 AM,10 AM
WL20000318,41.04716,-73.78958,10607,M,01/08/2020 10:17 AM,109.02,4025,Westchester County,01/08/2020,10:17 AM,10 AM
WL20000325,41.14794,-73.67186,10504,M,01/08/2020 11:36 AM,123.04,1015,Westchester County,01/08/2020,11:36 AM,11 AM
WL20000327,41.21534,-73.90729,10520,M,01/08/2020 11:44 AM,139,4024,Westchester County,01/08/2020,11:44 AM,11 AM
WL20000328,40.95247,-73.7918,10804,M,01/08/2020 11:50 AM,68.02,3049,Westchester County,01/08/2020,11:50 AM,11 AM
WL20000329,40.9689,-73.79533,10583,M,01/08/2020 12:34 PM,50.01,1033,Westchester County,01/08/2020,12:34 PM,12 PM
WL20000331,40.96293,-73.84723,10710,M,01/08/2020 01:16 PM,20,3003,Westchester County,01/08/2020,01:16 PM,01 PM
WL20000332,40.96982,-73.71852,10528,P,01/08/2020 01:53 PM,84.03,2034,Westchester County,01/08/2020,01:53 PM,01 PM
WL20000335,40.95225,-73.79187,10804,P,01/08/2020 12:41 PM,68.02,3049,Westchester County,01/08/2020,12:41 PM,12 PM
WL20000340,40.9646,-73.80224,10583,M,01/08/2020 05:50 PM,50.02,3001,Westchester County,01/08/2020,05:50 PM,05 PM
XL20000241,40.81222,-73.85988,10473,P,01/06/2020 11:20 AM,2,2003,Bronx County,01/06/2020,11:20 AM,11 AM
XL20000344,40.87038,-73.86242,10467,P,01/08/2020 10:56 AM,340,1000,Bronx County,01/08/2020,10:56 AM,10 AM
ML20000418,40.80147,-73.96046,10025,P,01/09/2020 12:57 PM,193,4000,New York County,01/09/2020,12:57 PM,12 PM
ML20000420,40.71907,-74.00144,10013,P,01/09/2020 01:12 PM,31,1000,New York County,01/09/2020,01:12 PM,01 PM
ML20000424,40.73103,-73.98592,10003,P,01/09/2020 04:12 PM,40.01,1001,New York County,01/09/2020,04:12 PM,04 PM
ML20000426,40.70863,-74.00938,10005,M,01/09/2020 06:24 PM,15.02,1008,New York County,01/09/2020,06:24 PM,06 PM
QL20000243,40.75697,-73.80161,11358,P,01/09/2020 09:27 AM,1193,1006,Queens County,01/09/2020,09:27 AM,09 AM
QL20000247,40.76165,-73.81522,11355,P,01/09/2020 10:40 AM,1167,1005,Queens County,01/09/2020,10:40 AM,10 AM
QL20000259,40.72822,-73.79484,11366,M,01/09/2020 11:48 AM,1247,1010,Queens County,01/09/2020,11:48 AM,11 AM
QL20000274,40.7395,-73.92513,11104,P,01/09/2020 03:58 PM,189,3004,Queens County,01/09/2020,03:58 PM,03 PM
QL20000278,40.75589,-73.79377,11358,P,01/09/2020 04:53 PM,1459,1002,Queens County,01/09/2020,04:53 PM,04 PM
WL20000360,41.23644,-73.7037,10507,M,01/09/2020 11:17 AM,128.03,2006,Westchester County,01/09/2020,11:17 AM,11 AM
WL20000362,40.95495,-73.71155,10580,M,01/09/2020 11:55 AM,75,3014,Westchester County,01/09/2020,11:55 AM,11 AM
WL20000363,40.93514,-73.89019,10701,P,01/09/2020 12:18 PM,11.01,2000,Westchester County,01/09/2020,12:18 PM,12 PM
WL20000369,40.99637,-73.82037,10583,P,01/09/2020 01:22 PM,107.01,4015,Westchester County,01/09/2020,01:22 PM,01 PM
WL20000373,41.17772,-73.86584,10562,M,01/09/2020 02:10 PM,136,3021,Westchester County,01/09/2020,02:10 PM,02 PM
WL20000374,40.95662,-73.89149,10701,M,01/09/2020 02:14 PM,7.01,2011,Westchester County,01/09/2020,02:14 PM,02 PM
WL20000379,40.94526,-73.77759,10804,M,01/09/2020 02:55 PM,67,3002,Westchester County,01/09/2020,02:55 PM,02 PM
WL20000386,41.01746,-73.68628,10573,M,01/09/2020 04:13 PM,83.02,4005,Westchester County,01/09/2020,04:13 PM,04 PM
WL20000387,40.95517,-73.88171,10703,M,01/09/2020 04:24 PM,8.01,3003,Westchester County,01/09/2020,04:24 PM,04 PM
WL20000389,41.04417,-73.74107,10604,M,01/09/2020 05:34 PM,87,1014,Westchester County,01/09/2020,05:34 PM,05 PM
WL20000393,40.91195,-73.88893,10705,P,01/09/2020 08:55 PM,13.02,3000,Westchester County,01/09/2020,08:55 PM,08 PM
WL20000395,40.98545,-73.82275,10583,M,01/09/2020 09:50 PM,21.05,1006,Westchester County,01/09/2020,09:50 PM,09 PM
XL19016774,40.87669,-73.85366,10469,P,12/26/2019 02:13 PM,382,2005,Bronx County,12/26/2019,02:13 PM,02 PM
XL20000404,40.84091,-73.9096,10457,P,01/09/2020 10:22 AM,225,2000,Bronx County,01/09/2020,10:22 AM,10 AM
XL20000405,40.8283,-73.89556,10459,P,01/09/2020 10:48 AM,125,2004,Bronx County,01/09/2020,10:48 AM,10 AM
XL20000409,40.81741,-73.81627,10465,P,01/09/2020 11:05 AM,118,3005,Bronx County,01/09/2020,11:05 AM,11 AM
XL20000438,40.83728,-73.92636,10452,M,01/09/2020 04:10 PM,199,6001,Bronx County,01/09/2020,04:10 PM,04 PM
XL20000447,40.86546,-73.85849,10469,M,01/09/2020 05:15 PM,326,1002,Bronx County,01/09/2020,05:15 PM,05 PM
XL20000458,40.83513,-73.9261,10452,P,01/09/2020 07:32 PM,199,3001,Bronx County,01/09/2020,07:32 PM,07 PM
ML20000549,40.71841,-74.00691,10013,M,01/12/2020 10:49 AM,33,2007,New York County,01/12/2020,10:49 AM,10 AM
ML20000551,40.80292,-73.93396,10035,P,01/12/2020 11:01 AM,242,3006,New York County,01/12/2020,11:01 AM,11 AM
ML20000561,40.70933,-74.00187,10038,P,01/12/2020 01:54 PM,15.01,3002,New York County,01/12/2020,01:54 PM,01 PM
ML20000571,40.81855,-73.9377,10037,P,01/12/2020 05:44 PM,232,2001,New York County,01/12/2020,05:44 PM,05 PM
ML20000573,40.78844,-73.94906,10029,M,01/12/2020 05:30 PM,166,6000,New York County,01/12/2020,05:30 PM,05 PM
ML20000591,40.71439,-73.98631,10002,P,01/13/2020 02:29 AM,14.01,2002,New York County,01/13/2020,02:29 AM,02 AM
QL20000376,40.75937,-73.79054,11358,M,01/12/2020 03:52 PM,1175,4007,Queens County,01/12/2020,03:52 PM,03 PM
WL20000494,40.97877,-73.80396,10583,M,01/12/2020 07:56 AM,50.01,2024,Westchester County,01/12/2020,07:56 AM,07 AM
WL20000495,41.04879,-73.78921,10603,M,01/12/2020 09:06 AM,109.02,4020,Westchester County,01/12/2020,09:06 AM,09 AM
WL20000496,40.99355,-73.71708,10528,M,01/12/2020 09:51 AM,85,1008,Westchester County,01/12/2020,09:51 AM,09 AM
WL20000497,41.28641,-73.91784,10566,M,01/12/2020 10:37 AM,145,3004,Westchester County,01/12/2020,10:37 AM,10 AM
WL20000500,40.98918,-73.72203,10528,M,01/12/2020 12:04 PM,85,1011,Westchester County,01/12/2020,12:04 PM,12 PM
WL20000501,40.90503,-73.85855,10704,M,01/12/2020 12:53 PM,15.02,1002,Westchester County,01/12/2020,12:53 PM,12 PM
WL20000502,41.04236,-73.81807,10607,M,01/12/2020 01:12 PM,111.01,3011,Westchester County,01/12/2020,01:12 PM,01 PM
WL20000507,40.92407,-73.86905,10704,P,01/12/2020 02:31 PM,14.01,3001,Westchester County,01/12/2020,02:31 PM,02 PM
WL20000512,41.07062,-73.84577,10591,M,01/12/2020 07:11 PM,114.01,4007,Westchester County,01/12/2020,07:11 PM,07 PM
ML20000462,40.79296,-73.97689,10024,P,01/10/2020 11:44 AM,179,1001,New York County,01/10/2020,11:44 AM,11 AM
ML20000487,40.74842,-73.99999,10001,M,01/10/2020 06:03 PM,93,6000,New York County,01/10/2020,06:03 PM,06 PM
QL20000289,40.74896,-73.77028,11364,M,01/10/2020 08:45 AM,1403,2006,Queens County,01/10/2020,08:45 AM,08 AM
QL20000290,40.7684,-73.93585,11106,M,01/10/2020 09:01 AM,81,1008,Queens County,01/10/2020,09:01 AM,09 AM
QL20000302,40.75034,-73.77191,11364,M,01/10/2020 11:16 AM,1403,2000,Queens County,01/10/2020,11:16 AM,11 AM
QL20000303,40.75096,-73.82345,11355,M,01/10/2020 11:44 AM,837,1000,Queens County,01/10/2020,11:44 AM,11 AM
QL20000304,40.76261,-73.90611,11103,P,01/10/2020 11:46 AM,145,1003,Queens County,01/10/2020,11:46 AM,11 AM
QL20000312,40.74701,-73.89596,11377,M,01/10/2020 12:41 PM,263,1006,Queens County,01/10/2020,12:41 PM,12 PM
QL20000339,40.7618,-73.77571,11361,M,01/10/2020 05:26 PM,1467,3000,Queens County,01/10/2020,05:26 PM,05 PM
QL20000347,40.75925,-73.79197,11358,P,01/10/2020 10:46 PM,1175,4006,Queens County,01/10/2020,10:46 PM,10 PM
WL20000407,41.16364,-73.77689,10514,M,01/10/2020 09:21 AM,131.04,4016,Westchester County,01/10/2020,09:21 AM,09 AM
WL20000410,40.92032,-73.77092,10801,M,01/10/2020 09:40 AM,59.02,2017,Westchester County,01/10/2020,09:40 AM,09 AM
WL20000420,41.08195,-73.86932,10591,P,01/10/2020 11:08 AM,116.02,3013,Westchester County,01/10/2020,11:08 AM,11 AM
WL20000436,41.26164,-73.91933,10567,M,01/10/2020 12:48 PM,146.06,1000,Westchester County,01/10/2020,12:48 PM,12 PM
WL20000437,41.1608,-73.84778,10510,M,01/10/2020 01:06 PM,132.02,2004,Westchester County,01/10/2020,01:06 PM,01 PM
WL20000446,41.16142,-73.77596,10514,M,01/10/2020 03:42 PM,131.04,3027,Westchester County,01/10/2020,03:42 PM,03 PM
XL20000468,40.83457,-73.89123,10460,P,01/10/2020 09:11 AM,155,2002,Bronx County,01/10/2020,09:11 AM,09 AM
XL20000471,40.83949,-73.91777,10452,P,01/10/2020 09:56 AM,221.01,2000,Bronx County,01/10/2020,09:56 AM,09 AM
XL20000477,40.89264,-73.8426,10466,P,01/10/2020 10:38 AM,426,6002,Bronx County,01/10/2020,10:38 AM,10 AM
XL20000511,40.83477,-73.92309,10452,P,01/10/2020 02:42 PM,63.02,1000,Bronx County,01/10/2020,02:42 PM,02 PM
QL20000357,40.75294,-73.92281,11101,M,01/11/2020 11:39 AM,157,1007,Queens County,01/11/2020,11:39 AM,11 AM
WL20000467,40.97529,-73.80916,10583,M,01/11/2020 07:40 AM,50.02,2007,Westchester County,01/11/2020,07:40 AM,07 AM
WL20000470,41.20883,-73.74178,10549,P,01/11/2020 09:40 AM,131.04,1039,Westchester County,01/11/2020,09:40 AM,09 AM
WL20000480,40.99928,-73.6722,10573,P,01/11/2020 12:37 PM,79.02,6004,Westchester County,01/11/2020,12:37 PM,12 PM
ML20000606,40.76764,-73.9616,10021,P,01/13/2020 11:00 AM,126.01,4000,New York County,01/13/2020,11:00 AM,11 AM
ML20000628,40.75525,-73.96358,10022,P,01/13/2020 03:19 PM,86.03,1000,New York County,01/13/2020,03:19 PM,03 PM
QL20000381,40.74795,-73.91584,11104,P,01/13/2020 07:25 AM,169,2011,Queens County,01/13/2020,07:25 AM,07 AM
QL20000384,40.74074,-73.92234,11104,M,01/13/2020 09:30 AM,185.02,3005,Queens County,01/13/2020,09:30 AM,09 AM
QL20000388,40.74256,-73.91772,11104,P,01/13/2020 10:05 AM,235.02,2004,Queens County,01/13/2020,10:05 AM,10 AM
QL20000391,40.73783,-73.7558,11364,M,01/13/2020 10:27 AM,1291.03,2000,Queens County,01/13/2020,10:27 AM,10 AM
QL20000395,40.75158,-73.7146,11005,P,01/13/2020 10:56 AM,1551.03,6000,Queens County,01/13/2020,10:56 AM,10 AM
QL20000396,40.72972,-73.82441,11367,P,01/13/2020 11:05 AM,779.02,1000,Queens County,01/13/2020,11:05 AM,11 AM
QL20000397,40.73902,-73.93566,11101,P,01/13/2020 11:10 AM,199.02,1019,Queens County,01/13/2020,11:10 AM,11 AM
QL20000399,40.76328,-73.77423,11361,P,01/13/2020 11:25 AM,1129,3008,Queens County,01/13/2020,11:25 AM,11 AM
QL20000402,40.75853,-73.94157,11101,M,01/13/2020 12:13 PM,85,1008,Queens County,01/13/2020,12:13 PM,12 PM
QL20000411,40.72565,-73.79807,11366,P,01/13/2020 01:30 PM,1247,3005,Queens County,01/13/2020,01:30 PM,01 PM
QL20000416,40.76783,-73.92766,11102,P,01/13/2020 02:22 PM,79,1003,Queens County,01/13/2020,02:22 PM,02 PM
QL20000418,40.76844,-73.92716,11102,P,01/13/2020 03:08 PM,79,1003,Queens County,01/13/2020,03:08 PM,03 PM
QL20000423,40.73589,-73.77347,11366,P,01/13/2020 04:08 PM,1333,1000,Queens County,01/13/2020,04:08 PM,04 PM
QL20000428,40.72259,-73.80103,11366,M,01/13/2020 06:11 PM,1265,1001,Queens County,01/13/2020,06:11 PM,06 PM
QL20000429,40.7225,-73.80099,11432,M,01/13/2020 06:29 PM,1265,1000,Queens County,01/13/2020,06:29 PM,06 PM
WL20000520,40.98031,-73.79766,10583,M,01/13/2020 08:06 AM,101,2010,Westchester County,01/13/2020,08:06 AM,08 AM
WL20000521,40.9187,-73.87539,10705,M,01/13/2020 08:29 AM,14.02,1017,Westchester County,01/13/2020,08:29 AM,08 AM
WL20000524,41.15372,-73.82929,10510,P,01/13/2020 09:42 AM,132.02,1010,Westchester County,01/13/2020,09:42 AM,09 AM
WL20000527,40.98046,-73.79807,10583,M,01/13/2020 10:19 AM,101,2010,Westchester County,01/13/2020,10:19 AM,10 AM
WL20000529,41.01274,-73.67476,10573,M,01/13/2020 10:30 AM,82,2005,Westchester County,01/13/2020,10:30 AM,10 AM
WL20000531,40.93565,-73.86874,10701,P,01/13/2020 10:55 AM,23,1005,Westchester County,01/13/2020,10:55 AM,10 AM
WL20000533,41.12811,-73.71793,10504,M,01/13/2020 11:12 AM,123.03,3012,Westchester County,01/13/2020,11:12 AM,11 AM
WL20000537,40.91946,-73.87123,10704,P,01/13/2020 11:56 AM,14.01,3011,Westchester County,01/13/2020,11:56 AM,11 AM
WL20000538,41.04417,-73.86513,10533,P,01/13/2020 12:02 PM,113,5001,Westchester County,01/13/2020,12:02 PM,12 PM
WL20000544,40.99869,-73.75639,10605,M,01/13/2020 01:02 PM,97.01,3000,Westchester County,01/13/2020,01:02 PM,01 PM
WL20000546,41.04647,-73.79491,10603,M,01/13/2020 01:38 PM,109.03,1000,Westchester County,01/13/2020,01:38 PM,01 PM
WL20000549,40.93849,-73.82794,10708,P,01/13/2020 01:49 PM,47,2046,Westchester County,01/13/2020,01:49 PM,01 PM
WL20000550,41.05926,-73.86157,10591,M,01/13/2020 02:04 PM,114.02,1017,Westchester County,01/13/2020,02:04 PM,02 PM
WL20000551,41.01866,-73.67935,10573,M,01/13/2020 02:10 PM,83.01,2003,Westchester County,01/13/2020,02:10 PM,02 PM
WL20000553,40.98446,-73.68062,10580,M,01/13/2020 02:13 PM,77,1017,Westchester County,01/13/2020,02:13 PM,02 PM
WL20000556,40.93345,-73.88874,10701,P,01/13/2020 02:31 PM,11.01,1003,Westchester County,01/13/2020,02:31 PM,02 PM
WL20000561,40.98019,-73.79729,10583,M,01/13/2020 03:25 PM,101,2009,Westchester County,01/13/2020,03:25 PM,03 PM
WL20000569,40.93167,-73.80663,10708,M,01/13/2020 05:06 PM,52,1010,Westchester County,01/13/2020,05:06 PM,05 PM
XL20000625,40.84369,-73.84733,10461,P,01/13/2020 01:53 PM,256,2001,Bronx County,01/13/2020,01:53 PM,01 PM
XL20000680,40.83163,-73.90051,10456,M,01/13/2020 06:55 PM,149,2001,Bronx County,01/13/2020,06:55 PM,06 PM
ML20000597,40.74197,-73.98087,10016,M,01/13/2020 09:49 AM,68,6000,New York County,01/13/2020,09:49 AM,09 AM
ML20000600,40.72266,-73.9768,10009,P,01/13/2020 09:56 AM,26.02,1002,New York County,01/13/2020,09:56 AM,09 AM
WL20000601,41.00653,-73.66313,10573,M,01/14/2020 01:19 PM,80,1002,Westchester County,01/14/2020,01:19 PM,01 PM
ML20000662,40.71599,-73.9867,10002,M,01/14/2020 10:00 AM,14.02,2006,New York County,01/14/2020,10:00 AM,10 AM
ML20000671,40.77912,-73.97481,10023,P,01/14/2020 11:20 AM,161,2000,New York County,01/14/2020,11:20 AM,11 AM
ML20000672,40.73559,-74.00305,10014,P,01/14/2020 11:27 AM,73,6000,New York County,01/14/2020,11:27 AM,11 AM
ML20000686,40.75118,-73.989,10001,P,01/14/2020 01:52 PM,109,1007,New York County,01/14/2020,01:52 PM,01 PM
ML20000699,40.73057,-74.00679,10014,P,01/14/2020 05:06 PM,67,4004,New York County,01/14/2020,05:06 PM,05 PM
ML20000710,40.8013,-73.95955,10026,P,01/14/2020 08:35 PM,197.01,1000,New York County,01/14/2020,08:35 PM,08 PM
ML20000712,40.80147,-73.96046,10025,P,01/14/2020 08:47 PM,193,4000,New York County,01/14/2020,08:47 PM,08 PM
QL20000433,40.75853,-73.94157,11101,M,01/14/2020 09:02 AM,85,1008,Queens County,01/14/2020,09:02 AM,09 AM
QL20000444,40.76564,-73.93915,11106,P,01/14/2020 11:21 AM,39,1000,Queens County,01/14/2020,11:21 AM,11 AM
QL20000453,40.72741,-73.82448,11367,M,01/14/2020 12:55 PM,779.02,1003,Queens County,01/14/2020,12:55 PM,12 PM
QL20000459,40.76686,-73.93742,11106,P,01/14/2020 01:11 PM,45,1001,Queens County,01/14/2020,01:11 PM,01 PM
QL20000467,40.73506,-73.79752,11365,P,01/14/2020 04:34 PM,1223,2003,Queens County,01/14/2020,04:34 PM,04 PM
WL20000581,40.95903,-73.83339,10710,P,01/14/2020 08:13 AM,21.04,1003,Westchester County,01/14/2020,08:13 AM,08 AM
WL20000583,40.99628,-73.80183,10583,M,01/14/2020 08:41 AM,100,4017,Westchester County,01/14/2020,08:41 AM,08 AM
WL20000588,40.93297,-73.77656,10804,M,01/14/2020 10:55 AM,67,2023,Westchester County,01/14/2020,10:55 AM,10 AM
WL20000589,41.003,-73.66652,10573,P,01/14/2020 10:55 AM,80,3006,Westchester County,01/14/2020,10:55 AM,10 AM
WL20000590,40.9273,-73.84894,10704,P,01/14/2020 10:58 AM,24.02,1000,Westchester County,01/14/2020,10:58 AM,10 AM
WL20000591,40.98687,-73.82194,10583,P,01/14/2020 11:20 AM,107.02,2020,Westchester County,01/14/2020,11:20 AM,11 AM
WL20000592,41.04281,-73.79075,10607,M,01/14/2020 11:42 AM,109.02,3008,Westchester County,01/14/2020,11:42 AM,11 AM
WL20000595,41.01097,-73.78948,10583,M,01/14/2020 12:43 PM,100,3003,Westchester County,01/14/2020,12:43 PM,12 PM
WL20000596,41.28862,-73.91095,10566,M,01/14/2020 12:44 PM,145,2002,Westchester County,01/14/2020,12:44 PM,12 PM
WL20000598,41.07224,-73.77743,10595,M,01/14/2020 12:53 PM,119.02,3004,Westchester County,01/14/2020,12:53 PM,12 PM
WL20000603,40.93678,-73.77023,10804,M,01/14/2020 01:52 PM,67,2015,Westchester County,01/14/2020,01:52 PM,01 PM
WL20000606,40.95617,-73.80791,10709,M,01/14/2020 02:40 PM,51,3013,Westchester County,01/14/2020,02:40 PM,02 PM
WL20000611,40.90209,-73.80933,10803,M,01/14/2020 04:20 PM,54,2029,Westchester County,01/14/2020,04:20 PM,04 PM
XL20000701,40.8466,-73.91474,10453,P,01/14/2020 09:00 AM,217,4000,Bronx County,01/14/2020,09:00 AM,09 AM
XL20000708,40.89098,-73.83109,10466,M,01/14/2020 10:12 AM,456,2003,Bronx County,01/14/2020,10:12 AM,10 AM
XL20000709,40.81186,-73.88796,10474,P,01/14/2020 10:17 AM,93.01,6005,Bronx County,01/14/2020,10:17 AM,10 AM
XL20000711,40.85479,-73.86104,10462,P,01/14/2020 10:47 AM,248,2002,Bronx County,01/14/2020,10:47 AM,10 AM
WL20000639,41.02025,-73.72973,10605,M,01/15/2020 12:37 PM,97.02,2023,Westchester County,01/15/2020,12:37 PM,12 PM
ML20000727,40.75787,-73.9756,10022,P,01/15/2020 07:35 AM,102,1011,New York County,01/15/2020,07:35 AM,07 AM
ML20000735,40.77627,-73.98012,10023,P,01/15/2020 09:51 AM,157,8000,New York County,01/15/2020,09:51 AM,09 AM
ML20000745,40.7238,-73.98564,10009,M,01/15/2020 11:42 AM,32,4000,New York County,01/15/2020,11:42 AM,11 AM
ML20000790,40.74119,-73.97709,10016,P,01/15/2020 09:26 PM,70.01,3000,New York County,01/15/2020,09:26 PM,09 PM
QL20000479,40.74145,-73.82922,11367,P,01/15/2020 08:41 AM,803.02,1010,Queens County,01/15/2020,08:41 AM,08 AM
QL20000483,40.78385,-73.79273,11360,P,01/15/2020 09:57 AM,997.01,1010,Queens County,01/15/2020,09:57 AM,09 AM
QL20000488,40.76481,-73.91095,11103,P,01/15/2020 10:22 AM,143,1000,Queens County,01/15/2020,10:22 AM,10 AM
QL20000491,40.77273,-73.7507,11363,M,01/15/2020 10:35 AM,1483,4015,Queens County,01/15/2020,10:35 AM,10 AM
QL20000495,40.77385,-73.89951,11105,P,01/15/2020 11:29 AM,123.01,2008,Queens County,01/15/2020,11:29 AM,11 AM
QL20000505,40.7751,-73.90864,11105,P,01/15/2020 01:26 PM,113,2001,Queens County,01/15/2020,01:26 PM,01 PM
QL20000523,40.75484,-73.93227,11101,M,01/15/2020 05:37 PM,51,2004,Queens County,01/15/2020,05:37 PM,05 PM
WL20000627,41.21007,-73.89581,10520,P,01/15/2020 09:17 AM,139,4035,Westchester County,01/15/2020,09:17 AM,09 AM
WL20000628,40.90648,-73.87649,10704,P,01/15/2020 09:18 AM,15.03,2002,Westchester County,01/15/2020,09:18 AM,09 AM
WL20000629,40.97447,-73.77298,10583,M,01/15/2020 09:20 AM,98,4010,Westchester County,01/15/2020,09:20 AM,09 AM
WL20000631,41.32705,-73.78889,10598,M,01/15/2020 10:50 AM,148.11,2005,Westchester County,01/15/2020,10:50 AM,10 AM
WL20000640,40.99884,-73.68457,10573,M,01/15/2020 12:56 PM,83.01,1012,Westchester County,01/15/2020,12:56 PM,12 PM
WL20000641,41.20966,-73.89543,10520,M,01/15/2020 01:05 PM,139,3001,Westchester County,01/15/2020,01:05 PM,01 PM
WL20000642,40.96344,-73.77793,10804,M,01/15/2020 01:07 PM,68.02,2015,Westchester County,01/15/2020,01:07 PM,01 PM
WL20000644,40.95148,-73.73675,10543,P,01/15/2020 01:25 PM,72,1006,Westchester County,01/15/2020,01:25 PM,01 PM
WL20000648,41.01699,-73.68627,10573,M,01/15/2020 02:07 PM,83.02,4005,Westchester County,01/15/2020,02:07 PM,02 PM
WL20000649,40.98704,-73.82015,10583,M,01/15/2020 02:11 PM,107.02,2028,Westchester County,01/15/2020,02:11 PM,02 PM
WL20000650,40.99448,-73.77389,10583,M,01/15/2020 02:16 PM,99,2001,Westchester County,01/15/2020,02:16 PM,02 PM
WL20000659,40.89964,-73.77505,10805,M,01/15/2020 03:58 PM,59.02,3002,Westchester County,01/15/2020,03:58 PM,03 PM
WL20000660,41.072,-73.85112,10591,M,01/15/2020 04:04 PM,114.01,4009,Westchester County,01/15/2020,04:04 PM,04 PM
WL20000662,40.94828,-73.69188,10580,P,01/15/2020 04:20 PM,76,2021,Westchester County,01/15/2020,04:20 PM,04 PM
WL20000664,40.99448,-73.77389,10583,M,01/15/2020 04:45 PM,99,2001,Westchester County,01/15/2020,04:45 PM,04 PM
WL20000665,41.01612,-73.83939,10502,P,01/15/2020 04:55 PM,106,1020,Westchester County,01/15/2020,04:55 PM,04 PM
WL20000668,40.94948,-73.8197,10707,P,01/15/2020 05:48 PM,51,4003,Westchester County,01/15/2020,05:48 PM,05 PM
WL20000673,41.00466,-73.83922,10502,P,01/15/2020 06:39 PM,106,3036,Westchester County,01/15/2020,06:39 PM,06 PM
WL20000680,41.00645,-73.87315,10522,P,01/15/2020 09:11 PM,105,5014,Westchester County,01/15/2020,09:11 PM,09 PM
WL20000683,40.96796,-73.7849,10804,M,01/15/2020 10:00 PM,68.01,3024,Westchester County,01/15/2020,10:00 PM,10 PM
XL20000779,40.84379,-73.86823,10460,P,01/15/2020 01:22 PM,240,2000,Bronx County,01/15/2020,01:22 PM,01 PM
XL20000787,40.84491,-73.86764,10462,P,01/15/2020 02:50 PM,236,1001,Bronx County,01/15/2020,02:50 PM,02 PM
ML20000808,40.72595,-73.98331,10009,M,01/16/2020 08:31 AM,32,7002,New York County,01/16/2020,08:31 AM,08 AM
QL20000534,40.75499,-73.93215,11101,P,01/16/2020 07:25 AM,51,2004,Queens County,01/16/2020,07:25 AM,07 AM
QL20000535,40.73309,-73.76275,11364,P,01/16/2020 07:42 AM,1291.03,3009,Queens County,01/16/2020,07:42 AM,07 AM
QL20000556,40.73042,-73.71305,11426,M,01/16/2020 01:22 PM,1617,3002,Queens County,01/16/2020,01:22 PM,01 PM
QL20000560,40.73105,-73.78279,11366,M,01/16/2020 01:54 PM,1333,3002,Queens County,01/16/2020,01:54 PM,01 PM
WL20000697,40.97806,-73.80818,10583,M,01/16/2020 09:16 AM,50.02,2000,Westchester County,01/16/2020,09:16 AM,09 AM
WL20000698,41.21058,-73.8822,10520,P,01/16/2020 09:29 AM,139,2000,Westchester County,01/16/2020,09:29 AM,09 AM
WL20000708,40.95943,-73.83322,10710,M,01/16/2020 11:11 AM,21.04,1003,Westchester County,01/16/2020,11:11 AM,11 AM
WL20000714,40.99557,-73.78908,10583,M,01/16/2020 12:58 PM,99,3004,Westchester County,01/16/2020,12:58 PM,12 PM
WL20000721,41.21434,-73.89859,10520,P,01/16/2020 02:23 PM,139,3000,Westchester County,01/16/2020,02:23 PM,02 PM
WL20000733,40.97367,-73.7155,10528,P,01/16/2020 06:44 PM,84.03,2015,Westchester County,01/16/2020,06:44 PM,06 PM
XL20000862,40.82,-73.916,10455,P,01/16/2020 04:40 PM,67,6000,Bronx County,01/16/2020,04:40 PM,04 PM
XL20000880,40.83723,-73.88807,10460,M,01/17/2020 01:17 AM,155,1000,Bronx County,01/17/2020,01:17 AM,01 AM

